23-33,0-4,0-1,1476
23-33,0-4,0-1,360
23-33,0-4,0-1,543
23-33,0-4,0-1,2089
23-33,0-4,0-1,3935
23-33,0-4,0-1,0
23-33,0-4,0-1,451
23-33,0-4,0-1,0
23-33,0-4,0-1,1890
23-33,0-4,0-1,948
23-33,0-4,0-1,1031
23-33,0-4,0-1,-253
23-33,0-4,0-1,975
23-33,0-4,0-1,3576
23-33,0-4,0-1,-247
23-33,0-4,0-1,395
23-33,0-4,0-1,2349
23-33,0-4,0-1,1148
23-33,0-4,0-1,451
23-33,0-4,0-1,759
23-33,0-4,0-1,1317
23-33,0-4,0-1,-195
23-33,0-4,0-1,1660
23-33,0-4,0-1,318
23-33,0-4,0-1,946
23-33,0-4,0-1,1005
23-33,0-4,0-1,43
23-33,0-4,0-1,2366
23-33,0-4,0-1,20
23-33,0-4,0-1,1221
23-33,0-4,0-1,1222
23-33,0-4,0-1,34
23-33,0-4,0-1,889
23-33,0-4,0-1,641
23-33,0-4,0-1,13
23-33,0-4,0-1,820
23-33,0-4,0-1,1033
23-33,0-4,0-1,15
23-33,0-4,0-1,361
23-33,0-4,0-1,236
23-33,0-4,0-1,1034
23-33,0-4,0-1,88
23-33,0-4,0-1,1020
23-33,0-4,0-1,14
23-33,0-4,0-1,-45
23-33,0-4,0-1,3704
23-33,0-4,0-1,280
23-33,0-4,0-1,178
23-33,0-4,0-1,0
23-33,0-4,0-1,73
23-33,0-4,0-1,1808
23-33,0-4,0-1,874
23-33,0-4,0-1,55
23-33,0-4,0-1,1010
23-33,0-4,0-1,1158
23-33,0-4,0-1,4020
23-33,0-4,0-1,352
23-33,0-4,0-1,0
23-33,0-4,0-1,1134
23-33,0-4,0-1,466
23-33,0-4,0-1,456
23-33,0-4,0-1,148
23-33,0-4,0-1,636
23-33,0-4,0-1,595
23-33,0-4,0-1,1407
23-33,0-4,0-1,1354
23-33,0-4,0-1,99
23-33,0-4,0-1,4040
23-33,0-4,0-1,18
23-33,0-4,0-1,-76
23-33,0-4,0-1,-63
23-33,0-4,0-1,511
23-33,0-4,0-1,86
23-33,0-4,0-1,8312
23-33,0-4,0-1,106
23-33,0-4,0-1,314
23-33,0-4,0-1,204
23-33,0-4,0-1,1243
23-33,0-4,0-1,0
23-33,0-4,0-1,0
23-33,0-4,0-1,872
23-33,0-4,0-1,11
23-33,0-4,0-1,1390
23-33,0-4,0-1,1165
23-33,0-4,0-1,661
23-33,0-4,0-1,1480
23-33,0-4,0-1,318
23-33,0-4,0-1,877
23-33,0-4,0-1,889
23-33,0-4,0-1,273
23-33,0-4,0-1,1
23-33,0-4,0-1,-6
23-33,0-4,0-1,6
23-33,0-4,0-1,3694
23-33,0-4,0-1,640
23-33,0-4,0-1,5
23-33,0-4,0-1,4902
23-33,0-4,0-1,2
23-33,0-4,0-1,1897
23-33,0-4,0-1,1
23-33,0-4,0-1,0
23-33,0-4,0-1,122
23-33,0-4,0-1,673
23-33,0-4,0-1,913
23-33,0-4,0-1,2581
23-33,0-4,0-1,639
23-33,0-4,0-1,2603
23-33,0-4,0-1,625
23-33,0-4,0-1,3134
23-33,0-4,0-1,142
23-33,0-4,0-1,-584
23-33,0-4,0-1,710
23-33,0-4,0-1,299
23-33,0-4,0-1,687
23-33,0-4,0-1,631
23-33,0-4,0-1,912
23-33,0-4,0-1,0
23-33,0-4,0-1,-97
23-33,0-4,0-1,501
23-33,0-4,0-1,101
23-33,0-4,0-1,1224
23-33,0-4,0-1,518
23-33,0-4,0-1,3696
23-33,0-4,0-1,1766
23-33,0-4,0-1,69
23-33,0-4,0-1,620
23-33,0-4,0-1,82
23-33,0-4,0-1,79
23-33,0-4,0-1,124
23-33,0-4,0-1,-99
23-33,0-4,0-1,1210
23-33,0-4,0-1,245
23-33,0-4,0-1,101
23-33,0-4,0-1,484
23-33,0-4,0-1,245
23-33,0-4,0-1,6217
23-33,0-4,0-1,329
23-33,0-4,0-1,415
23-33,0-4,0-1,249
23-33,0-4,0-1,897
23-33,0-4,0-1,1
23-33,0-4,0-1,687
23-33,0-4,0-1,353
23-33,0-4,0-1,0
23-33,0-4,0-1,0
23-33,0-4,0-1,71
23-33,0-4,0-1,4761
23-33,0-4,0-1,-346
23-33,0-4,0-1,-55
23-33,0-4,0-1,-336
23-33,0-4,0-1,300
23-33,0-4,0-1,0
23-33,0-4,0-1,6290
23-33,0-4,0-1,373
23-33,0-4,0-1,2171
23-33,0-4,0-1,156
23-33,0-4,0-1,103
23-33,0-4,0-1,324
23-33,0-4,0-1,0
23-33,0-4,0-1,923
23-33,0-4,0-1,18347
23-33,0-4,0-1,115
23-33,0-4,0-1,350
23-33,0-4,0-1,50
23-33,0-4,0-1,950
23-33,0-4,0-1,6217
23-33,0-4,0-1,60
23-33,0-4,0-1,702
23-33,0-4,0-1,0
23-33,0-4,0-1,285
23-33,0-4,0-1,894
23-33,0-4,0-1,4
23-33,0-4,0-1,1942
23-33,0-4,0-1,486
23-33,0-4,0-1,-77
23-33,0-4,0-1,-498
23-33,0-4,0-1,2304
23-33,0-4,0-1,1412
23-33,0-4,0-1,0
23-33,0-4,0-1,0
23-33,0-4,0-1,-478
23-33,0-4,0-1,11
23-33,0-4,0-1,3107
23-33,0-4,0-1,199
23-33,0-4,0-1,138
23-33,0-4,0-1,1325
23-33,0-4,0-1,139
23-33,0-4,0-1,-18
23-33,0-4,0-1,1905
23-33,0-4,0-1,2098
23-33,0-4,0-1,102
23-33,0-4,0-1,3132
23-33,0-4,0-1,132
23-33,0-4,0-1,661
23-33,0-4,0-1,8
23-33,0-4,0-1,739
23-33,0-4,0-1,62
23-33,0-4,0-1,1343
23-33,0-4,0-1,877
23-33,0-4,0-1,1750
23-33,0-4,0-1,64
23-33,0-4,0-1,-28
23-33,0-4,0-1,581
23-33,0-4,0-1,1667
23-33,0-4,0-1,931
23-33,0-4,0-1,0
23-33,0-4,0-1,-517
23-33,0-4,0-1,191
23-33,0-4,0-1,212
23-33,0-4,0-1,1882
23-33,0-4,0-1,745
23-33,0-4,0-1,25
23-33,0-4,0-1,5116
23-33,0-4,0-1,4148
23-33,0-4,0-1,1064
23-33,0-4,0-1,4287
23-33,0-4,0-1,242
23-33,0-4,0-1,9
23-33,0-4,0-1,2395
23-33,0-4,0-1,-589
23-33,0-4,0-1,642
23-33,0-4,0-1,5191
23-33,0-4,0-1,-452
23-33,0-4,0-1,3074
23-33,0-4,0-1,640
23-33,0-4,0-1,325
23-33,0-4,0-1,-220
23-33,0-4,0-1,212
23-33,0-4,0-1,0
23-33,0-4,0-1,287
23-33,0-4,0-1,273
23-33,0-4,0-1,1368
23-33,0-4,0-1,478
23-33,0-4,0-1,818
23-33,0-4,0-1,2678
23-33,0-4,0-1,2431
23-33,0-4,0-1,-254
23-33,0-4,0-1,-3
23-33,0-4,0-1,220
23-33,0-4,0-1,9
23-33,0-4,0-1,2855
23-33,0-4,0-1,1465
23-33,0-4,0-1,125
23-33,0-4,0-1,-131
23-33,0-4,0-1,1787
23-33,0-4,0-1,125
23-33,0-4,0-1,925
23-33,0-4,0-1,736
23-33,0-4,0-1,459
23-33,0-4,0-1,357
23-33,0-4,0-1,802
23-33,0-4,0-1,331
23-33,0-4,0-1,3514
23-33,0-4,0-1,-518
23-33,0-4,0-1,0
23-33,0-4,0-1,22171
23-33,0-4,0-1,795
23-33,0-4,0-1,-241
23-33,0-4,0-1,66
23-33,0-4,0-1,5878
23-33,0-4,0-1,0
23-33,0-4,0-1,79
23-33,0-4,0-1,22546
23-33,0-4,0-1,0
23-33,0-4,0-1,228
23-33,0-4,0-1,265
23-33,0-4,0-1,389
23-33,0-4,0-1,467
23-33,0-4,0-1,897
23-33,0-4,0-1,26
23-33,0-4,0-1,517
23-33,0-4,0-1,2770
23-33,0-4,0-1,0
23-33,0-4,0-1,0
23-33,0-4,0-1,625
23-33,0-4,0-1,-559
23-33,0-4,0-1,151
23-33,0-4,0-1,883
23-33,0-4,0-1,76
23-33,0-4,0-1,1545
23-33,0-4,0-1,-120
23-33,0-4,0-1,2469
23-33,0-4,0-1,1384
23-33,0-4,0-1,0
23-33,0-4,0-1,-118
23-33,0-4,0-1,1209
23-33,0-4,0-1,401
23-33,0-4,0-1,553
23-33,0-4,0-1,128
23-33,0-4,0-1,1331
23-33,0-4,0-1,355
23-33,0-4,0-1,119
23-33,0-4,0-1,472
23-33,0-4,0-1,137
23-33,0-4,0-1,1664
23-33,0-4,0-1,-402
23-33,0-4,0-1,623
23-33,0-4,0-1,3540
23-33,0-4,0-1,95
23-33,0-4,0-1,191
23-33,0-4,0-1,-120
23-33,0-4,0-1,1495
23-33,0-4,0-1,362
23-33,0-4,0-1,4848
23-33,0-4,0-1,76
23-33,0-4,0-1,0
23-33,0-4,0-1,-242
23-33,0-4,0-1,934
23-33,0-4,0-1,0
23-33,0-4,0-1,5
23-33,0-4,0-1,474
23-33,0-4,0-1,2
23-33,0-4,0-1,818
23-33,0-4,0-1,360
23-33,0-4,0-1,100
23-33,0-4,0-1,2788
23-33,0-4,0-1,12
23-33,0-4,0-1,6
23-33,0-4,0-1,562
23-33,0-4,0-1,-53
23-33,0-4,0-1,944
23-33,0-4,0-1,37
23-33,0-4,0-1,1170
23-33,0-4,0-1,0
23-33,0-4,0-1,424
23-33,0-4,0-1,430
23-33,0-4,0-1,358
23-33,0-4,0-1,3
23-33,0-4,0-1,415
23-33,0-4,0-1,271
23-33,0-4,0-1,150
23-33,0-4,0-1,-759
23-33,0-4,0-1,0
23-33,0-4,0-1,582
23-33,0-4,0-1,92
23-33,0-4,0-1,-6
23-33,0-4,0-1,752
23-33,0-4,0-1,186
23-33,0-4,0-1,-32
23-33,0-4,0-1,932
23-33,0-4,0-1,0
23-33,0-4,0-1,400
23-33,0-4,0-1,296
23-33,0-4,0-1,42
23-33,0-4,0-1,150
23-33,0-4,0-1,225
23-33,0-4,0-1,-617
23-33,0-4,0-1,1121
23-33,0-4,0-1,3653
23-33,0-4,0-1,452
23-33,0-4,0-1,4945
23-33,0-4,0-1,131
23-33,0-4,0-1,3935
23-33,0-4,0-1,200
23-33,0-4,0-1,1158
23-33,0-4,0-1,1183
23-33,0-4,0-1,1137
22-33,0-4,2,-221
22-33,0-4,2,2536
22-33,0-4,2,-849
22-33,0-4,2,6248
22-33,0-4,2,177
22-33,0-4,2,3616
22-33,0-4,2,261
22-33,0-4,2,574
22-33,0-4,2,22
22-33,0-4,2,4111
22-33,0-4,2,228
22-33,0-4,2,0
22-33,0-4,2,428
22-33,0-4,2,0
22-33,0-4,2,874
22-33,0-4,2,4590
22-33,0-4,2,80
22-33,0-4,2,2104
22-33,0-4,2,1143
22-33,0-4,2,1372
22-33,0-4,2,5563
22-33,0-4,2,455
22-33,0-4,2,-350
22-33,0-4,2,482
22-33,0-4,2,174
22-33,0-4,2,760
22-33,0-4,2,424
22-33,0-4,2,1410
22-33,0-4,2,3196
22-33,0-4,2,8436
22-33,0-4,2,1240
22-33,0-4,2,0
22-33,0-4,2,517
22-33,0-4,2,148
22-33,0-4,2,950
22-33,0-4,2,619
22-33,0-4,2,239
22-33,0-4,2,12607
22-33,0-4,2,315
22-33,0-4,2,63
22-33,0-4,2,-53
22-33,0-4,2,81
22-33,0-4,2,231
22-33,0-4,2,36
22-33,0-4,2,-84
22-33,0-4,2,9449
22-33,0-4,2,2
22-33,0-4,2,703
22-33,0-4,2,890
22-33,0-4,2,23663
22-33,0-4,2,81
22-33,0-4,2,0
22-33,0-4,2,174
22-33,0-4,2,599
22-33,0-4,2,-635
22-33,0-4,2,26
22-33,0-4,2,1633
22-33,0-4,2,739
22-33,0-4,2,1128
22-33,0-4,2,1831
22-33,0-4,2,-32
22-33,0-4,2,350
22-33,0-4,2,111
22-33,0-4,2,5
22-33,0-4,2,908
22-33,0-4,2,162
22-33,0-4,2,445
22-33,0-4,2,1209
22-33,0-4,2,112
22-33,0-4,2,1957
22-33,0-4,2,882
22-33,0-4,2,-255
22-33,0-4,2,26965
22-33,0-4,2,19358
22-33,0-4,2,255
22-33,0-4,2,882
22-33,0-4,2,3143
22-33,0-4,2,1909
22-33,0-4,2,3412
22-33,0-4,2,604
22-33,0-4,2,81
22-33,0-4,2,736
22-33,0-4,2,726
22-33,0-4,2,-502
22-33,0-4,2,-218
22-33,0-4,2,4937
22-33,0-4,2,787
22-33,0-4,2,2817
22-33,0-4,2,446
22-33,0-4,2,62
22-33,0-4,2,706
22-33,0-4,2,15459
22-33,0-4,2,15
22-33,0-4,2,75
22-33,0-4,2,-79
22-33,0-4,2,116
22-33,0-4,2,4229
22-33,0-4,2,1218
22-33,0-4,2,172
22-33,0-4,2,41
22-33,0-4,2,329
22-33,0-4,2,151
22-33,0-4,2,1027
22-33,0-4,2,205
22-33,0-4,2,311
22-33,0-4,2,856
22-33,0-4,2,171
22-33,0-4,2,1448
22-33,0-4,2,604
22-33,0-4,2,-194
22-33,0-4,2,73
22-33,0-4,2,1466
22-33,0-4,2,553
22-33,0-4,2,13494
22-33,0-4,2,9
22-33,0-4,2,443
22-33,0-4,2,3638
22-33,0-4,2,16
22-33,0-4,2,417
22-33,0-4,2,1721
22-33,0-4,2,1998
22-33,0-4,2,3432
22-33,0-4,2,144
22-33,0-4,2,1306
22-33,0-4,2,8004
22-33,0-4,2,376
22-33,0-4,2,23
22-33,0-4,2,3238
22-33,0-4,2,3283
22-33,0-4,2,118
22-33,0-4,2,309
22-33,0-4,2,4
22-33,0-4,2,1445
22-33,0-4,2,3672
22-33,0-4,2,1992
22-33,0-4,2,2
22-33,0-4,2,781
22-33,0-4,2,-219
22-33,0-4,2,-59
22-33,0-4,2,2488
22-33,0-4,2,45
22-33,0-4,2,180
22-33,0-4,2,-887
22-33,0-4,2,135
22-33,0-4,2,656
22-33,0-4,2,1026
22-33,0-4,2,-300
22-33,0-4,2,4404
22-33,0-4,2,113
22-33,0-4,2,-449
22-33,0-4,2,77
22-33,0-4,2,1583
22-33,0-4,2,1065
22-33,0-4,2,1494
22-33,0-4,2,609
22-33,0-4,2,3170
22-33,0-4,2,5137
22-33,0-4,2,747
22-33,0-4,2,697
22-33,0-4,2,201
22-33,0-4,2,592
22-33,0-4,2,-145
22-33,0-4,2,0
22-33,0-4,2,4897
22-33,0-4,2,864
22-33,0-4,2,404
22-33,0-4,2,-495
22-33,0-4,2,-46
22-33,0-4,2,33
22-33,0-4,2,236
22-33,0-4,2,4
22-33,0-4,2,1117
22-33,0-4,2,89
22-33,0-4,2,1924
22-33,0-4,2,99
22-33,0-4,2,185
22-33,0-4,2,-424
22-33,0-4,2,-105
22-33,0-4,2,0
22-33,0-4,2,913
22-33,0-4,2,490
22-33,0-4,2,940
22-33,0-4,2,122
22-33,0-4,2,1649
22-33,0-4,2,287
22-33,0-4,2,1731
22-33,0-4,2,155
22-33,0-4,2,1323
22-33,0-4,2,0
22-33,0-4,2,105
22-33,0-4,2,817
22-33,0-4,2,775
22-33,0-4,2,-8
22-33,0-4,2,-320
22-33,0-4,2,431
22-33,0-4,2,1009
22-33,0-4,2,3672
22-33,0-4,2,574
22-33,0-4,2,43
22-33,0-4,2,474
22-33,0-4,2,437
22-33,0-4,2,4213
22-33,0-4,2,2506
22-33,0-4,2,2629
22-33,0-4,2,-280
22-33,0-4,2,-179
22-33,0-4,2,8627
22-33,0-4,2,-328
22-33,0-4,2,6307
22-33,0-4,2,621
22-33,0-4,2,18
22-33,0-4,2,775
22-33,0-4,2,648
22-33,0-4,2,96
22-33,0-4,2,2380
22-33,0-4,2,1439
22-33,0-4,2,1558
22-33,0-4,2,8627
22-33,0-4,2,2590
22-33,0-4,2,385
22-33,0-4,2,555
22-33,0-4,2,5
22-33,0-4,2,0
22-33,0-4,2,697
22-33,0-4,2,10218
22-33,0-4,2,14
22-33,0-4,2,0
22-33,0-4,2,1351
22-33,0-4,2,12569
22-33,0-4,2,56
22-33,0-4,2,2343
22-33,0-4,2,23
22-33,0-4,2,92
22-33,0-4,2,224
22-33,0-4,2,2557
22-33,0-4,2,2145
22-33,0-4,2,678
22-33,0-4,2,589
22-33,0-4,2,1199
22-33,0-4,2,4745
22-33,0-4,2,11797
22-33,0-4,2,81
22-33,0-4,2,5739
22-33,0-4,2,2285
22-33,0-4,2,53
22-33,0-4,2,390
22-33,0-4,2,1588
22-33,0-4,2,3014
22-33,0-4,2,2197
22-33,0-4,2,71
22-33,0-4,2,127
22-33,0-4,2,808
22-33,0-4,2,178
22-33,0-4,2,537
22-33,0-4,2,416
22-33,0-4,2,112
22-33,0-4,2,395
22-33,0-4,2,1882
22-33,0-4,2,1160
22-33,0-4,2,14
22-33,0-4,2,142
22-33,0-4,2,131
22-33,0-4,2,926
22-33,0-4,2,47
22-33,0-4,2,1177
22-33,0-4,2,21
22-33,0-4,2,6164
22-33,0-4,2,16874
22-33,0-4,2,28
22-33,0-4,2,335
22-33,0-4,2,347
22-33,0-4,2,68
22-33,0-4,2,179
22-33,0-4,2,189
22-33,0-4,2,6495
22-33,0-4,2,149
22-33,0-4,2,447
22-33,0-4,2,88
22-33,0-4,2,757
22-33,0-4,2,1070
22-33,0-4,2,2
22-33,0-4,2,249
22-33,0-4,2,35
22-33,0-4,2,92
22-33,0-4,2,349
22-33,0-4,2,239
22-33,0-4,2,305
22-33,0-4,2,-67
22-33,0-4,2,770
22-33,0-4,2,321
22-33,0-4,2,3975
22-33,0-4,2,396
22-33,0-4,2,170
22-33,0-4,2,3342
22-33,0-4,2,5549
22-33,0-4,2,19
22-33,0-4,2,1274
22-33,0-4,2,802
22-33,0-4,2,0
22-33,0-4,2,-407
22-33,0-4,2,1670
22-33,0-4,2,1420
22-33,0-4,2,212
22-33,0-4,2,3357
22-33,0-4,2,3809
22-33,0-4,2,0
22-33,0-4,2,14
22-33,0-4,2,751
22-33,0-4,2,462
22-33,0-4,2,5527
22-33,0-4,2,2700
22-33,0-4,2,1673
22-33,0-4,2,6900
22-33,0-4,2,565
22-33,0-4,2,71
22-33,0-4,2,473
22-33,0-4,2,638
22-33,0-4,2,220
22-33,0-4,2,1130
22-33,0-4,2,584
22-33,0-4,2,868
22-33,0-4,2,3792
22-33,0-4,2,-416
22-33,0-4,2,0
22-33,0-4,2,2
22-33,0-4,2,201
22-33,0-4,2,5980
22-33,0-4,2,1073
22-33,0-4,2,1925
22-33,0-4,2,894
22-33,0-4,2,592
22-33,0-4,2,3529
22-33,0-4,2,1
22-33,0-4,2,2186
22-33,0-4,2,-20
22-33,0-4,2,4210
22-33,0-4,2,609
22-33,0-4,2,811
22-33,0-4,2,7845
22-33,0-4,2,0
22-33,0-4,2,572
22-33,0-4,2,223
22-33,0-4,2,577
22-33,0-4,2,363
22-33,0-4,2,38
22-33,0-4,2,620
19-33,5-11,0-2,4789
19-33,5-11,0-2,502
19-33,5-11,0-2,132
19-33,5-11,0-2,171
19-33,5-11,0-2,363
19-33,5-11,0-2,396
19-33,5-11,0-2,2204
19-33,5-11,0-2,2155
19-33,5-11,0-2,338
19-33,5-11,0-2,444
19-33,5-11,0-2,360
19-33,5-11,0-2,-195
19-33,5-11,0-2,406
19-33,5-11,0-2,483
19-33,5-11,0-2,2488
19-33,5-11,0-2,217
19-33,5-11,0-2,331
19-33,5-11,0-2,505
19-33,5-11,0-2,1808
19-33,5-11,0-2,2693
19-33,5-11,0-2,119
19-33,5-11,0-2,769
19-33,5-11,0-2,50
19-33,5-11,0-2,172
19-33,5-11,0-2,0
19-33,5-11,0-2,215
19-33,5-11,0-2,9216
19-33,5-11,0-2,1599
19-33,5-11,0-2,406
19-33,5-11,0-2,-204
19-33,5-11,0-2,359
19-33,5-11,0-2,3096
19-33,5-11,0-2,0
19-33,5-11,0-2,16
19-33,5-11,0-2,0
19-33,5-11,0-2,872
19-33,5-11,0-2,-988
19-33,5-11,0-2,2269
19-33,5-11,0-2,-220
19-33,5-11,0-2,1064
19-33,5-11,0-2,6699
19-33,5-11,0-2,828
19-33,5-11,0-2,228
19-33,5-11,0-2,209
19-33,5-11,0-2,2572
19-33,5-11,0-2,780
19-33,5-11,0-2,0
19-33,5-11,0-2,468
19-33,5-11,0-2,2070
19-33,5-11,0-2,1216
19-33,5-11,0-2,3825
19-33,5-11,0-2,259
19-33,5-11,0-2,2363
19-33,5-11,0-2,1577
19-33,5-11,0-2,402
19-33,5-11,0-2,991
19-33,5-11,0-2,103
19-33,5-11,0-2,296
19-33,5-11,0-2,182
19-33,5-11,0-2,59
19-33,5-11,0-2,0
19-33,5-11,0-2,378
19-33,5-11,0-2,11555
19-33,5-11,0-2,211
19-33,5-11,0-2,459
19-33,5-11,0-2,696
19-33,5-11,0-2,227
19-33,5-11,0-2,518
19-33,5-11,0-2,660
19-33,5-11,0-2,2881
19-33,5-11,0-2,1570
19-33,5-11,0-2,6619
19-33,5-11,0-2,1134
19-33,5-11,0-2,8023
19-33,5-11,0-2,33
19-33,5-11,0-2,251
19-33,5-11,0-2,985
19-33,5-11,0-2,168
19-33,5-11,0-2,60
19-33,5-11,0-2,1161
19-33,5-11,0-2,3
19-33,5-11,0-2,123
19-33,5-11,0-2,102
19-33,5-11,0-2,1790
19-33,5-11,0-2,-162
19-33,5-11,0-2,455
19-33,5-11,0-2,2929
19-33,5-11,0-2,566
19-33,5-11,0-2,0
19-33,5-11,0-2,2
19-33,5-11,0-2,3
19-33,5-11,0-2,102
19-33,5-11,0-2,-230
19-33,5-11,0-2,279
19-33,5-11,0-2,271
19-33,5-11,0-2,58
19-33,5-11,0-2,-151
19-33,5-11,0-2,454
19-33,5-11,0-2,-298
19-33,5-11,0-2,716
19-33,5-11,0-2,2485
19-33,5-11,0-2,203
19-33,5-11,0-2,183
19-33,5-11,0-2,102
19-33,5-11,0-2,5291
19-33,5-11,0-2,25
19-33,5-11,0-2,5235
19-33,5-11,0-2,3
19-33,5-11,0-2,198
19-33,5-11,0-2,3485
19-33,5-11,0-2,9
19-33,5-11,0-2,1259
19-33,5-11,0-2,1097
19-33,5-11,0-2,3276
19-33,5-11,0-2,3217
19-33,5-11,0-2,291
19-33,5-11,0-2,438
19-33,5-11,0-2,8494
19-33,5-11,0-2,266
19-33,5-11,0-2,534
19-33,5-11,0-2,72
19-33,5-11,0-2,0
19-33,5-11,0-2,594
19-33,5-11,0-2,454
19-33,5-11,0-2,0
19-33,5-11,0-2,74
19-33,5-11,0-2,1012
19-33,5-11,0-2,4089
19-33,5-11,0-2,127
19-33,5-11,0-2,259
19-33,5-11,0-2,991
19-33,5-11,0-2,5514
19-33,5-11,0-2,4579
19-33,5-11,0-2,636
19-33,5-11,0-2,-33
19-33,5-11,0-2,130
19-33,5-11,0-2,598
19-33,5-11,0-2,1772
19-33,5-11,0-2,201
19-33,5-11,0-2,-632
19-33,5-11,0-2,54
19-33,5-11,0-2,549
19-33,5-11,0-2,90
19-33,5-11,0-2,0
19-33,5-11,0-2,0
19-33,5-11,0-2,-56
19-33,5-11,0-2,7744
19-33,5-11,0-2,158
19-33,5-11,0-2,411
19-33,5-11,0-2,236
19-33,5-11,0-2,1116
19-33,5-11,0-2,49
19-33,5-11,0-2,628
19-33,5-11,0-2,413
19-33,5-11,0-2,751
19-33,5-11,0-2,1021
19-33,5-11,0-2,1014
19-33,5-11,0-2,126
19-33,5-11,0-2,-386
19-33,5-11,0-2,361
19-33,5-11,0-2,2610
19-33,5-11,0-2,316
19-33,5-11,0-2,452
19-33,5-11,0-2,0
19-33,5-11,0-2,413
19-33,5-11,0-2,4665
19-33,5-11,0-2,3748
19-33,5-11,0-2,433
19-33,5-11,0-2,2727
19-33,5-11,0-2,428
19-33,5-11,0-2,113
19-33,5-11,0-2,6421
19-33,5-11,0-2,-124
19-33,5-11,0-2,1743
19-33,5-11,0-2,167
19-33,5-11,0-2,242
19-33,5-11,0-2,286
19-33,5-11,0-2,133
19-33,5-11,0-2,2979
19-33,5-11,0-2,47
19-33,5-11,0-2,6145
19-33,5-11,0-2,1562
19-33,5-11,0-2,406
19-33,5-11,0-2,3516
19-33,5-11,0-2,3672
19-33,5-11,0-2,29
19-33,5-11,0-2,84
19-33,5-11,0-2,0
19-33,5-11,0-2,14533
19-33,5-11,0-2,330
19-33,5-11,0-2,-306
19-33,5-11,0-2,493
19-33,5-11,0-2,655
19-33,5-11,0-2,0
19-33,5-11,0-2,569
19-33,5-11,0-2,263
19-33,5-11,0-2,0
19-33,5-11,0-2,1062
19-33,5-11,0-2,486
19-33,5-11,0-2,304
19-33,5-11,0-2,123
19-33,5-11,0-2,2185
19-33,5-11,0-2,1191
19-33,5-11,0-2,795
19-33,5-11,0-2,1094
19-33,5-11,0-2,13711
19-33,5-11,0-2,125
19-33,5-11,0-2,432
19-33,5-11,0-2,1987
19-33,5-11,0-2,10
19-33,5-11,0-2,253
19-33,5-11,0-2,261
19-33,5-11,0-2,291
19-33,5-11,0-2,290
19-33,5-11,0-2,10788
19-33,5-11,0-2,100
19-33,5-11,0-2,192
19-33,5-11,0-2,0
19-33,5-11,0-2,34
19-33,5-11,0-2,0
19-33,5-11,0-2,75
19-33,5-11,0-2,-477
19-33,5-11,0-2,0
19-33,5-11,0-2,391
19-33,5-11,0-2,3472
19-33,5-11,0-2,255
19-33,5-11,0-2,489
19-33,5-11,0-2,-770
19-33,5-11,0-2,213
19-33,5-11,0-2,3083
19-33,5-11,0-2,799
19-33,5-11,0-2,343
19-33,5-11,0-2,-186
19-33,5-11,0-2,145
19-33,5-11,0-2,4787
19-33,5-11,0-2,1903
19-33,5-11,0-2,-46
19-33,5-11,0-2,-331
19-33,5-11,0-2,1086
19-33,5-11,0-2,1566
19-33,5-11,0-2,591
19-33,5-11,0-2,508
19-33,5-11,0-2,267
19-33,5-11,0-2,282
19-33,5-11,0-2,864
19-33,5-11,0-2,1970
19-33,5-11,0-2,1059
19-33,5-11,0-2,388
19-33,5-11,0-2,0
19-33,5-11,0-2,57
19-33,5-11,0-2,386
19-33,5-11,0-2,18
19-33,5-11,0-2,671
19-33,5-11,0-2,371
19-33,5-11,0-2,575
19-33,5-11,0-2,777
19-33,5-11,0-2,822
19-33,5-11,0-2,96
19-33,5-11,0-2,48
19-33,5-11,0-2,4500
19-33,5-11,0-2,479
19-33,5-11,0-2,401
19-33,5-11,0-2,0
19-33,5-11,0-2,790
19-33,5-11,0-2,681
19-33,5-11,0-2,769
19-33,5-11,0-2,54
19-33,5-11,0-2,55
19-33,5-11,0-2,7
19-33,5-11,0-2,0
19-33,5-11,0-2,596
19-33,5-11,0-2,512
19-33,5-11,0-2,-80
19-33,5-11,0-2,1286
19-33,5-11,0-2,804
19-33,5-11,0-2,4
19-33,5-11,0-2,0
19-33,5-11,0-2,622
19-33,5-11,0-2,6402
19-33,5-11,0-2,1210
19-33,5-11,0-2,0
19-33,5-11,0-2,16992
19-33,5-11,0-2,366
19-33,5-11,0-2,23
19-33,5-11,0-2,2400
19-33,5-11,0-2,229
19-33,5-11,0-2,203
19-33,5-11,0-2,39
19-33,5-11,0-2,218
19-33,5-11,0-2,5
19-33,5-11,0-2,3242
19-33,5-11,0-2,11386
19-33,5-11,0-2,1380
19-33,5-11,0-2,1129
19-33,5-11,0-2,-402
19-33,5-11,0-2,2488
19-33,5-11,0-2,-1053
19-33,5-11,0-2,1153
19-33,5-11,0-2,137
19-33,5-11,0-2,40
19-33,5-11,0-2,694
19-33,5-11,0-2,175
19-33,5-11,0-2,7513
19-33,5-11,0-2,-19
19-33,5-11,0-2,259
19-33,5-11,0-2,469
19-33,5-11,0-2,0
19-33,5-11,0-2,85
19-33,5-11,0-2,4
19-33,5-11,0-2,705
19-33,5-11,0-2,1453
19-33,5-11,0-2,286
19-33,5-11,0-2,181
19-33,5-11,0-2,616
19-33,5-11,0-2,-427
19-33,5-11,0-2,10
19-33,5-11,0-2,3733
19-33,5-11,0-2,699
19-33,5-11,0-2,11417
19-33,5-11,0-2,-1202
19-33,5-11,0-2,137
19-33,5-11,0-2,2325
19-33,5-11,0-2,230
19-33,5-11,0-2,687
19-33,5-11,0-2,461
19-33,5-11,0-2,7
19-33,5-11,0-2,-352
19-33,5-11,0-2,302
19-33,5-11,0-2,782
19-33,5-11,0-2,1100
19-33,5-11,0-2,103
19-33,5-11,0-2,3931
19-33,5-11,0-2,58
19-33,5-11,0-2,741
19-33,5-11,0-2,1625
19-33,5-11,0-2,9305
19-33,5-11,0-2,35
19-33,5-11,0-2,368
19-33,5-11,0-2,1
19-33,5-11,0-2,778
19-33,5-11,0-2,50
19-33,5-11,0-2,440
19-33,5-11,0-2,2685
19-33,5-11,0-2,1694
19-33,5-11,0-2,202
19-33,5-11,0-2,930
19-33,5-11,0-2,118
19-33,5-11,0-2,691
19-33,5-11,0-2,309
19-33,5-11,0-2,589
19-33,5-11,0-2,3354
19-33,5-11,0-2,0
19-33,5-11,0-2,64
19-33,5-11,0-2,-399
19-33,5-11,0-2,-102
19-33,5-11,0-2,1433
19-33,5-11,0-2,187
19-33,5-11,0-2,334
19-33,5-11,0-2,500
19-33,5-11,0-2,43
19-33,5-11,0-2,478
19-33,5-11,0-2,2544
19-33,5-11,0-2,0
19-33,5-11,0-2,10
19-33,5-11,0-2,94
19-33,5-11,0-2,1464
19-33,5-11,0-2,232
19-33,5-11,0-2,500
19-33,5-11,0-2,556
19-33,5-11,0-2,373
19-33,5-11,0-2,137
19-33,5-11,0-2,0
19-33,5-11,0-2,132
19-33,5-11,0-2,6904
19-33,5-11,0-2,25
19-33,5-11,0-2,3298
19-33,5-11,0-2,0
19-33,5-11,0-2,0
19-33,5-11,0-2,157
19-33,5-11,0-2,1169
19-33,5-11,0-2,15
19-33,5-11,0-2,1279
19-33,5-11,0-2,356
19-33,5-11,0-2,202
19-33,5-11,0-2,442
19-33,5-11,0-2,808
19-33,5-11,0-2,0
19-33,5-11,0-2,618
19-33,5-11,0-2,2893
19-33,5-11,0-2,10787
19-33,5-11,0-2,34
19-33,5-11,0-2,6
19-33,5-11,0-2,64
19-33,5-11,0-2,180
19-33,5-11,0-2,4908
19-33,5-11,0-2,336
19-33,5-11,0-2,453
19-33,5-11,0-2,61
19-33,5-11,0-2,-162
19-33,5-11,0-2,1
19-33,5-11,0-2,1922
19-33,5-11,0-2,153
19-33,5-11,0-2,209
19-33,5-11,0-2,4885
19-33,5-11,0-2,304
19-33,5-11,0-2,3107
19-33,5-11,0-2,-305
19-33,5-11,0-2,79
19-33,5-11,0-2,110
19-33,5-11,0-2,238
19-33,5-11,0-2,1844
19-33,5-11,0-2,0
19-33,5-11,0-2,468
19-33,5-11,0-2,0
19-33,5-11,0-2,266
19-33,5-11,0-2,914
19-33,5-11,0-2,0
19-33,5-11,0-2,2411
19-33,5-11,0-2,302
19-33,5-11,0-2,424
19-33,5-11,0-2,-970
19-33,5-11,0-2,842
19-33,5-11,0-2,0
19-33,5-11,0-2,308
19-33,5-11,0-2,389
19-33,5-11,0-2,614
19-33,5-11,0-2,182
19-33,5-11,0-2,-28
19-33,5-11,0-2,268
19-33,5-11,0-2,691
19-33,5-11,0-2,192
19-33,5-11,0-2,84
19-33,5-11,0-2,5969
19-33,5-11,0-2,1347
19-33,5-11,0-2,5533
19-33,5-11,0-2,38
19-33,5-11,0-2,235
19-33,5-11,0-2,-230
19-33,5-11,0-2,858
19-33,5-11,0-2,31
19-33,5-11,0-2,-76
19-33,5-11,0-2,152
19-33,5-11,0-2,0
19-33,5-11,0-2,250
19-33,5-11,0-2,24
19-33,5-11,0-2,2034
19-33,5-11,0-2,2325
19-33,5-11,0-2,3333
19-33,5-11,0-2,28
19-33,5-11,0-2,2157
19-33,5-11,0-2,4
19-33,5-11,0-2,5122
19-33,5-11,0-2,385
19-33,5-11,0-2,3470
19-33,5-11,0-2,142
19-33,5-11,0-2,209
19-33,5-11,0-2,294
19-33,5-11,0-2,459
19-33,5-11,0-2,3706
19-33,5-11,0-2,569
19-33,5-11,0-2,162
19-33,5-11,0-2,1847
19-33,5-11,0-2,-287
19-33,5-11,0-2,959
19-33,5-11,0-2,6836
19-33,5-11,0-2,61
19-33,5-11,0-2,-147
19-33,5-11,0-2,261
19-33,5-11,0-2,3601
19-33,5-11,0-2,57
19-33,5-11,0-2,1185
19-33,5-11,0-2,1532
19-33,5-11,0-2,485
19-33,5-11,0-2,125
19-33,5-11,0-2,481
19-33,5-11,0-2,969
19-33,5-11,0-2,1211
19-33,5-11,0-2,647
19-33,5-11,0-2,8
19-33,5-11,0-2,189
19-33,5-11,0-2,-282
19-33,5-11,0-2,-393
19-33,5-11,0-2,358
19-33,5-11,0-2,-163
19-33,5-11,0-2,3939
19-33,5-11,0-2,227
19-33,5-11,0-2,8023
19-33,5-11,0-2,2478
19-33,5-11,0-2,6844
19-33,5-11,0-2,33
19-33,5-11,0-2,-148
19-33,5-11,0-2,210
19-33,5-11,0-2,1275
19-33,5-11,0-2,699
19-33,5-11,0-2,133
19-33,5-11,0-2,-522
19-33,5-11,0-2,2085
19-33,5-11,0-2,2305
19-33,5-11,0-2,411
19-33,5-11,0-2,0
19-33,5-11,0-2,0
19-33,5-11,0-2,-220
19-33,5-11,0-2,48
19-33,5-11,0-2,10
19-33,5-11,0-2,1700
19-33,5-11,0-2,901
19-33,5-11,0-2,20
19-33,5-11,0-2,1626
19-33,5-11,0-2,-1
19-33,5-11,0-2,333
19-33,5-11,0-2,8366
19-33,5-11,0-2,0
19-33,5-11,0-2,1214
19-33,5-11,0-2,317
19-33,5-11,0-2,4787
19-33,5-11,0-2,92
19-33,5-11,0-2,-94
19-33,5-11,0-2,101
19-33,5-11,0-2,256
19-33,5-11,0-2,302
19-33,5-11,0-2,75
19-33,5-11,0-2,4888
19-33,5-11,0-2,330
19-33,5-11,0-2,775
19-33,5-11,0-2,246
19-33,5-11,0-2,360
19-33,5-11,0-2,920
19-33,5-11,0-2,1166
19-33,5-11,0-2,4790
19-33,5-11,0-2,119
19-33,5-11,0-2,315
19-33,5-11,0-2,309
19-33,5-11,0-2,0
19-33,5-11,0-2,668
19-33,5-11,0-2,288
19-33,5-11,0-2,473
19-33,5-11,0-2,-333
34-36,0-11,0-2,1350
34-36,0-11,0-2,747
34-36,0-11,0-2,307
34-36,0-11,0-2,1109
34-36,0-11,0-2,553
34-36,0-11,0-2,872
34-36,0-11,0-2,1539
34-36,0-11,0-2,101
34-36,0-11,0-2,293
34-36,0-11,0-2,1831
34-36,0-11,0-2,455
34-36,0-11,0-2,2843
34-36,0-11,0-2,0
34-36,0-11,0-2,524
34-36,0-11,0-2,-231
34-36,0-11,0-2,462
34-36,0-11,0-2,0
34-36,0-11,0-2,106
34-36,0-11,0-2,442
34-36,0-11,0-2,308
34-36,0-11,0-2,1641
34-36,0-11,0-2,20
34-36,0-11,0-2,6979
34-36,0-11,0-2,-62
34-36,0-11,0-2,1972
34-36,0-11,0-2,899
34-36,0-11,0-2,23
34-36,0-11,0-2,1981
34-36,0-11,0-2,992
34-36,0-11,0-2,2658
34-36,0-11,0-2,9149
34-36,0-11,0-2,123
34-36,0-11,0-2,0
34-36,0-11,0-2,1
34-36,0-11,0-2,0
34-36,0-11,0-2,415
34-36,0-11,0-2,524
34-36,0-11,0-2,0
34-36,0-11,0-2,4
34-36,0-11,0-2,11219
34-36,0-11,0-2,69
34-36,0-11,0-2,1287
34-36,0-11,0-2,4286
34-36,0-11,0-2,2971
34-36,0-11,0-2,145
34-36,0-11,0-2,978
34-36,0-11,0-2,244
34-36,0-11,0-2,219
34-36,0-11,0-2,32
34-36,0-11,0-2,339
34-36,0-11,0-2,109
34-36,0-11,0-2,0
34-36,0-11,0-2,613
34-36,0-11,0-2,4515
34-36,0-11,0-2,186
34-36,0-11,0-2,342
34-36,0-11,0-2,973
34-36,0-11,0-2,228
34-36,0-11,0-2,644
34-36,0-11,0-2,4508
34-36,0-11,0-2,-402
34-36,0-11,0-2,5462
34-36,0-11,0-2,3102
34-36,0-11,0-2,-370
34-36,0-11,0-2,1313
34-36,0-11,0-2,1453
34-36,0-11,0-2,4943
34-36,0-11,0-2,-381
34-36,0-11,0-2,691
34-36,0-11,0-2,1925
34-36,0-11,0-2,902
34-36,0-11,0-2,663
34-36,0-11,0-2,0
34-36,0-11,0-2,-228
34-36,0-11,0-2,1464
34-36,0-11,0-2,-302
34-36,0-11,0-2,-339
34-36,0-11,0-2,3611
34-36,0-11,0-2,67
34-36,0-11,0-2,16
34-36,0-11,0-2,119
34-36,0-11,0-2,7050
34-36,0-11,0-2,146
34-36,0-11,0-2,275
34-36,0-11,0-2,666
34-36,0-11,0-2,-12
34-36,0-11,0-2,0
34-36,0-11,0-2,340
34-36,0-11,0-2,0
34-36,0-11,0-2,1354
34-36,0-11,0-2,39
34-36,0-11,0-2,586
34-36,0-11,0-2,480
34-36,0-11,0-2,1855
34-36,0-11,0-2,2643
34-36,0-11,0-2,1949
34-36,0-11,0-2,450
34-36,0-11,0-2,4348
34-36,0-11,0-2,1281
34-36,0-11,0-2,703
34-36,0-11,0-2,714
34-36,0-11,0-2,-148
34-36,0-11,0-2,-461
34-36,0-11,0-2,144
34-36,0-11,0-2,141
34-36,0-11,0-2,9269
34-36,0-11,0-2,793
34-36,0-11,0-2,35
34-36,0-11,0-2,-139
34-36,0-11,0-2,13
34-36,0-11,0-2,136
34-36,0-11,0-2,172
34-36,0-11,0-2,0
34-36,0-11,0-2,222
34-36,0-11,0-2,84
34-36,0-11,0-2,-51
34-36,0-11,0-2,3723
34-36,0-11,0-2,6411
34-36,0-11,0-2,215
34-36,0-11,0-2,1594
34-36,0-11,0-2,262
34-36,0-11,0-2,673
34-36,0-11,0-2,209
34-36,0-11,0-2,355
34-36,0-11,0-2,605
34-36,0-11,0-2,8
34-36,0-11,0-2,470
34-36,0-11,0-2,439
34-36,0-11,0-2,2357
34-36,0-11,0-2,2323
34-36,0-11,0-2,285
34-36,0-11,0-2,1337
34-36,0-11,0-2,0
34-36,0-11,0-2,3343
34-36,0-11,0-2,1049
34-36,0-11,0-2,419
34-36,0-11,0-2,300
34-36,0-11,0-2,137
34-36,0-11,0-2,1239
34-36,0-11,0-2,2789
34-36,0-11,0-2,487
34-36,0-11,0-2,188
34-36,0-11,0-2,243
34-36,0-11,0-2,176
34-36,0-11,0-2,1482
34-36,0-11,0-2,56
34-36,0-11,0-2,3875
34-36,0-11,0-2,5957
34-36,0-11,0-2,977
34-36,0-11,0-2,1897
34-36,0-11,0-2,0
34-36,0-11,0-2,2729
34-36,0-11,0-2,317
34-36,0-11,0-2,1076
34-36,0-11,0-2,201
34-36,0-11,0-2,475
34-36,0-11,0-2,1825
34-36,0-11,0-2,2988
34-36,0-11,0-2,177
34-36,0-11,0-2,490
34-36,0-11,0-2,1521
34-36,0-11,0-2,8
34-36,0-11,0-2,189
34-36,0-11,0-2,298
34-36,0-11,0-2,-129
34-36,0-11,0-2,0
34-36,0-11,0-2,79
34-36,0-11,0-2,-346
34-36,0-11,0-2,852
34-36,0-11,0-2,1499
34-36,0-11,0-2,61
34-36,0-11,0-2,0
34-36,0-11,0-2,1906
34-36,0-11,0-2,-319
34-36,0-11,0-2,-296
34-36,0-11,0-2,0
34-36,0-11,0-2,4170
34-36,0-11,0-2,341
34-36,0-11,0-2,2
34-36,0-11,0-2,9019
34-36,0-11,0-2,0
34-36,0-11,0-2,-140
34-36,0-11,0-2,1171
34-36,0-11,0-2,495
34-36,0-11,0-2,-563
34-36,0-11,0-2,365
34-36,0-11,0-2,846
34-36,0-11,0-2,-28
34-36,0-11,0-2,-423
34-36,0-11,0-2,2987
34-36,0-11,0-2,756
34-36,0-11,0-2,7546
34-36,0-11,0-2,8647
34-36,0-11,0-2,5060
34-36,0-11,0-2,475
34-36,0-11,0-2,0
34-36,0-11,0-2,93
34-36,0-11,0-2,2178
34-36,0-11,0-2,871
34-36,0-11,0-2,322
34-36,0-11,0-2,1100
34-36,0-11,0-2,3990
34-36,0-11,0-2,1328
34-36,0-11,0-2,412
34-36,0-11,0-2,176
34-36,0-11,0-2,49
34-36,0-11,0-2,464
34-36,0-11,0-2,876
34-36,0-11,0-2,11
34-36,0-11,0-2,417
34-36,0-11,0-2,1746
34-36,0-11,0-2,356
34-36,0-11,0-2,84
34-36,0-11,0-2,624
34-36,0-11,0-2,1281
34-36,0-11,0-2,1666
34-36,0-11,0-2,415
34-36,0-11,0-2,0
34-36,0-11,0-2,260
34-36,0-11,0-2,7
34-36,0-11,0-2,5958
34-36,0-11,0-2,62
34-36,0-11,0-2,197
34-36,0-11,0-2,6
34-36,0-11,0-2,407
34-36,0-11,0-2,0
34-36,0-11,0-2,0
34-36,0-11,0-2,251
34-36,0-11,0-2,44
34-36,0-11,0-2,1253
34-36,0-11,0-2,2830
34-36,0-11,0-2,15
34-36,0-11,0-2,857
34-36,0-11,0-2,180
34-36,0-11,0-2,473
34-36,0-11,0-2,456
34-36,0-11,0-2,774
34-36,0-11,0-2,839
34-36,0-11,0-2,2646
34-36,0-11,0-2,622
34-36,0-11,0-2,991
34-36,0-11,0-2,247
34-36,0-11,0-2,1386
34-36,0-11,0-2,2211
34-36,0-11,0-2,27359
34-36,0-11,0-2,440
34-36,0-11,0-2,60
34-36,0-11,0-2,-72
34-36,0-11,0-2,69
34-36,0-11,0-2,0
34-36,0-11,0-2,318
34-36,0-11,0-2,2552
34-36,0-11,0-2,980
34-36,0-11,0-2,175
34-36,0-11,0-2,-259
34-36,0-11,0-2,105
34-36,0-11,0-2,618
34-36,0-11,0-2,1063
34-36,0-11,0-2,-73
34-36,0-11,0-2,925
34-36,0-11,0-2,2975
34-36,0-11,0-2,1412
34-36,0-11,0-2,2806
34-36,0-11,0-2,44
34-36,0-11,0-2,319
34-36,0-11,0-2,633
34-36,0-11,0-2,4659
34-36,0-11,0-2,649
34-36,0-11,0-2,1265
34-36,0-11,0-2,0
34-36,0-11,0-2,8883
34-36,0-11,0-2,63
34-36,0-11,0-2,712
34-36,0-11,0-2,1707
34-36,0-11,0-2,819
34-36,0-11,0-2,837
34-36,0-11,0-2,148
34-36,0-11,0-2,3552
34-36,0-11,0-2,4343
34-36,0-11,0-2,3301
34-36,0-11,0-2,1534
34-36,0-11,0-2,1671
34-36,0-11,0-2,573
34-36,0-11,0-2,475
34-36,0-11,0-2,6766
34-36,0-11,0-2,1
34-36,0-11,0-2,10
34-36,0-11,0-2,94
34-36,0-11,0-2,1531
34-36,0-11,0-2,0
34-36,0-11,0-2,171
34-36,0-11,0-2,0
34-36,0-11,0-2,943
34-36,0-11,0-2,327
34-36,0-11,0-2,2
34-36,0-11,0-2,0
34-36,0-11,0-2,118
34-36,0-11,0-2,16430
34-36,0-11,0-2,13
34-36,0-11,0-2,202
34-36,0-11,0-2,6
34-36,0-11,0-2,5195
34-36,0-11,0-2,50
34-36,0-11,0-2,46
34-36,0-11,0-2,103
34-36,0-11,0-2,338
34-36,0-11,0-2,2682
34-36,0-11,0-2,0
34-36,0-11,0-2,1169
34-36,0-11,0-2,71
34-36,0-11,0-2,0
34-36,0-11,0-2,1007
34-36,0-11,0-2,0
34-36,0-11,0-2,417
34-36,0-11,0-2,393
34-36,0-11,0-2,195
34-36,0-11,0-2,321
34-36,0-11,0-2,152
34-36,0-11,0-2,2
34-36,0-11,0-2,0
34-36,0-11,0-2,35
34-36,0-11,0-2,3064
34-36,0-11,0-2,257
34-36,0-11,0-2,5498
34-36,0-11,0-2,57
34-36,0-11,0-2,957
34-36,0-11,0-2,724
34-36,0-11,0-2,20
34-36,0-11,0-2,925
34-36,0-11,0-2,1327
34-36,0-11,0-2,-136
34-36,0-11,0-2,3636
34-36,0-11,0-2,-73
34-36,0-11,0-2,700
34-36,0-11,0-2,96
34-36,0-11,0-2,2542
34-36,0-11,0-2,280
34-36,0-11,0-2,1257
34-36,0-11,0-2,398
34-36,0-11,0-2,41
34-36,0-11,0-2,184
34-36,0-11,0-2,777
34-36,0-11,0-2,479
34-36,0-11,0-2,0
34-36,0-11,0-2,1387
34-36,0-11,0-2,42
34-36,0-11,0-2,376
34-36,0-11,0-2,2892
34-36,0-11,0-2,-587
34-36,0-11,0-2,367
34-36,0-11,0-2,0
34-36,0-11,0-2,725
34-36,0-11,0-2,816
34-36,0-11,0-2,9
34-36,0-11,0-2,1133
34-36,0-11,0-2,428
34-36,0-11,0-2,560
34-36,0-11,0-2,67
34-36,0-11,0-2,1310
34-36,0-11,0-2,697
34-36,0-11,0-2,9851
34-36,0-11,0-2,1011
34-36,0-11,0-2,8309
34-36,0-11,0-2,1067
34-36,0-11,0-2,1657
34-36,0-11,0-2,6
34-36,0-11,0-2,133
34-36,0-11,0-2,247
34-36,0-11,0-2,1221
34-36,0-11,0-2,0
34-36,0-11,0-2,0
34-36,0-11,0-2,632
34-36,0-11,0-2,5731
34-36,0-11,0-2,0
34-36,0-11,0-2,1174
34-36,0-11,0-2,141
34-36,0-11,0-2,516
34-36,0-11,0-2,634
34-36,0-11,0-2,586
34-36,0-11,0-2,1116
34-36,0-11,0-2,1582
34-36,0-11,0-2,0
34-36,0-11,0-2,2486
34-36,0-11,0-2,0
34-36,0-11,0-2,0
34-36,0-11,0-2,160
34-36,0-11,0-2,470
34-36,0-11,0-2,0
34-36,0-11,0-2,13658
34-36,0-11,0-2,0
34-36,0-11,0-2,1553
34-36,0-11,0-2,47
34-36,0-11,0-2,544
34-36,0-11,0-2,688
34-36,0-11,0-2,1511
34-36,0-11,0-2,55
34-36,0-11,0-2,552
34-36,0-11,0-2,3587
34-36,0-11,0-2,254
34-36,0-11,0-2,252
34-36,0-11,0-2,178
34-36,0-11,0-2,16
34-36,0-11,0-2,1
34-36,0-11,0-2,128
34-36,0-11,0-2,-11
34-36,0-11,0-2,0
34-36,0-11,0-2,351
34-36,0-11,0-2,1830
34-36,0-11,0-2,79
34-36,0-11,0-2,2374
34-36,0-11,0-2,81
34-36,0-11,0-2,414
34-36,0-11,0-2,518
34-36,0-11,0-2,856
34-36,0-11,0-2,318
34-36,0-11,0-2,347
34-36,0-11,0-2,475
34-36,0-11,0-2,1587
34-36,0-11,0-2,61
34-36,0-11,0-2,0
34-36,0-11,0-2,1160
34-36,0-11,0-2,-37
34-36,0-11,0-2,23
34-36,0-11,0-2,1076
34-36,0-11,0-2,1147
34-36,0-11,0-2,1927
34-36,0-11,0-2,291
34-36,0-11,0-2,725
34-36,0-11,0-2,168
34-36,0-11,0-2,786
34-36,0-11,0-2,1554
34-36,0-11,0-2,5086
34-36,0-11,0-2,50
34-36,0-11,0-2,470
34-36,0-11,0-2,1518
34-36,0-11,0-2,495
34-36,0-11,0-2,24
34-36,0-11,0-2,613
34-36,0-11,0-2,262
34-36,0-11,0-2,4438
34-36,0-11,0-2,2723
34-36,0-11,0-2,1477
34-36,0-11,0-2,179
34-36,0-11,0-2,980
34-36,0-11,0-2,1792
34-36,0-11,0-2,3953
34-36,0-11,0-2,13204
34-36,0-11,0-2,293
34-36,0-11,0-2,0
34-36,0-11,0-2,340
34-36,0-11,0-2,365
34-36,0-11,0-2,1847
34-36,0-11,0-2,0
34-36,0-11,0-2,645
34-36,0-11,0-2,847
34-36,0-11,0-2,70
34-36,0-11,0-2,465
34-36,0-11,0-2,998
34-36,0-11,0-2,550
34-36,0-11,0-2,9324
34-36,0-11,0-2,326
34-36,0-11,0-2,1283
34-36,0-11,0-2,444
34-36,0-11,0-2,5320
34-36,0-11,0-2,670
34-36,0-11,0-2,5039
34-36,0-11,0-2,360
34-36,0-11,0-2,0
34-36,0-11,0-2,4280
34-36,0-11,0-2,-679
34-36,0-11,0-2,491
34-36,0-11,0-2,198
34-36,0-11,0-2,0
34-36,0-11,0-2,860
34-36,0-11,0-2,1746
34-36,0-11,0-2,35
34-36,0-11,0-2,319
34-36,0-11,0-2,181
34-36,0-11,0-2,0
34-36,0-11,0-2,0
34-36,0-11,0-2,396
34-36,0-11,0-2,474
34-36,0-11,0-2,0
34-36,0-11,0-2,-435
34-36,0-11,0-2,949
34-36,0-11,0-2,114
34-36,0-11,0-2,0
34-36,0-11,0-2,629
34-36,0-11,0-2,1057
34-36,0-11,0-2,428
34-36,0-11,0-2,0
34-36,0-11,0-2,0
34-36,0-11,0-2,351
34-36,0-11,0-2,3057
34-36,0-11,0-2,117
34-36,0-11,0-2,199
34-36,0-11,0-2,473
34-36,0-11,0-2,263
34-36,0-11,0-2,434
34-36,0-11,0-2,0
34-36,0-11,0-2,475
34-36,0-11,0-2,79
34-36,0-11,0-2,674
34-36,0-11,0-2,422
34-36,0-11,0-2,-308
34-36,0-11,0-2,2793
34-36,0-11,0-2,2944
34-36,0-11,0-2,2288
34-36,0-11,0-2,47
34-36,0-11,0-2,1298
34-36,0-11,0-2,-11
34-36,0-11,0-2,8
34-36,0-11,0-2,1409
34-36,0-11,0-2,37
34-36,0-11,0-2,134
34-36,0-11,0-2,1732
34-36,0-11,0-2,0
34-36,0-11,0-2,8038
34-36,0-11,0-2,189
34-36,0-11,0-2,608
34-36,0-11,0-2,0
34-36,0-11,0-2,649
34-36,0-11,0-2,13683
34-36,0-11,0-2,340
34-36,0-11,0-2,506
34-36,0-11,0-2,678
34-36,0-11,0-2,1555
34-36,0-11,0-2,1177
34-36,0-11,0-2,1318
34-36,0-11,0-2,167
34-36,0-11,0-2,80
34-36,0-11,0-2,12
34-36,0-11,0-2,3050
34-36,0-11,0-2,243
34-36,0-11,0-2,0
34-36,0-11,0-2,2594
34-36,0-11,0-2,1611
34-36,0-11,0-2,18
34-36,0-11,0-2,-315
34-36,0-11,0-2,-294
34-36,0-11,0-2,191
34-36,0-11,0-2,179
34-36,0-11,0-2,105
34-36,0-11,0-2,5902
34-36,0-11,0-2,174
34-36,0-11,0-2,60
34-36,0-11,0-2,296
34-36,0-11,0-2,3064
34-36,0-11,0-2,0
34-36,0-11,0-2,876
34-36,0-11,0-2,2394
34-36,0-11,0-2,0
34-36,0-11,0-2,436
34-36,0-11,0-2,250
34-36,0-11,0-2,126
34-36,0-11,0-2,-308
34-36,0-11,0-2,1268
34-36,0-11,0-2,4831
34-36,0-11,0-2,2880
34-36,0-11,0-2,221
34-36,0-11,0-2,760
34-36,0-11,0-2,-566
34-36,0-11,0-2,472
34-36,0-11,0-2,606
34-36,0-11,0-2,603
34-36,0-11,0-2,-872
34-36,0-11,0-2,386
34-36,0-11,0-2,-206
34-36,0-11,0-2,197
34-36,0-11,0-2,584
34-36,0-11,0-2,997
34-36,0-11,0-2,398
34-36,0-11,0-2,1145
34-36,0-11,0-2,3161
34-36,0-11,0-2,2929
34-36,0-11,0-2,378
34-36,0-11,0-2,147
34-36,0-11,0-2,1810
34-36,0-11,0-2,-251
34-36,0-11,0-2,895
34-36,0-11,0-2,1852
34-36,0-11,0-2,8652
34-36,0-11,0-2,174
34-36,0-11,0-2,-292
34-36,0-11,0-2,436
34-36,0-11,0-2,305
34-36,0-11,0-2,2116
34-36,0-11,0-2,-35
34-36,0-11,0-2,2679
34-36,0-11,0-2,1557
34-36,0-11,0-2,505
34-36,0-11,0-2,175
34-36,0-11,0-2,40
34-36,0-11,0-2,2189
34-36,0-11,0-2,5304
34-36,0-11,0-2,0
34-36,0-11,0-2,0
34-36,0-11,0-2,297
34-36,0-11,0-2,566
37-39,0-11,0-2,147
37-39,0-11,0-2,9374
37-39,0-11,0-2,2317
37-39,0-11,0-2,0
37-39,0-11,0-2,11971
37-39,0-11,0-2,228
37-39,0-11,0-2,50
37-39,0-11,0-2,0
37-39,0-11,0-2,1315
37-39,0-11,0-2,424
37-39,0-11,0-2,111
37-39,0-11,0-2,493
37-39,0-11,0-2,427
37-39,0-11,0-2,52
37-39,0-11,0-2,0
37-39,0-11,0-2,391
37-39,0-11,0-2,501
37-39,0-11,0-2,37
37-39,0-11,0-2,176
37-39,0-11,0-2,1699
37-39,0-11,0-2,0
37-39,0-11,0-2,21
37-39,0-11,0-2,1
37-39,0-11,0-2,1315
37-39,0-11,0-2,-196
37-39,0-11,0-2,432
37-39,0-11,0-2,4030
37-39,0-11,0-2,5803
37-39,0-11,0-2,902
37-39,0-11,0-2,0
37-39,0-11,0-2,3561
37-39,0-11,0-2,593
37-39,0-11,0-2,1147
37-39,0-11,0-2,605
37-39,0-11,0-2,-67
37-39,0-11,0-2,1199
37-39,0-11,0-2,121
37-39,0-11,0-2,504
37-39,0-11,0-2,278
37-39,0-11,0-2,0
37-39,0-11,0-2,-140
37-39,0-11,0-2,393
37-39,0-11,0-2,0
37-39,0-11,0-2,3705
37-39,0-11,0-2,1328
37-39,0-11,0-2,6101
37-39,0-11,0-2,168
37-39,0-11,0-2,7685
37-39,0-11,0-2,130
37-39,0-11,0-2,167
37-39,0-11,0-2,502
37-39,0-11,0-2,876
37-39,0-11,0-2,4303
37-39,0-11,0-2,2
37-39,0-11,0-2,-606
37-39,0-11,0-2,15
37-39,0-11,0-2,715
37-39,0-11,0-2,258
37-39,0-11,0-2,121
37-39,0-11,0-2,12437
37-39,0-11,0-2,1314
37-39,0-11,0-2,-558
37-39,0-11,0-2,1048
37-39,0-11,0-2,0
37-39,0-11,0-2,189
37-39,0-11,0-2,1161
37-39,0-11,0-2,2763
37-39,0-11,0-2,25
37-39,0-11,0-2,64
37-39,0-11,0-2,4153
37-39,0-11,0-2,1045
37-39,0-11,0-2,509
37-39,0-11,0-2,1146
37-39,0-11,0-2,414
37-39,0-11,0-2,168
37-39,0-11,0-2,865
37-39,0-11,0-2,511
37-39,0-11,0-2,792
37-39,0-11,0-2,-244
37-39,0-11,0-2,794
37-39,0-11,0-2,3190
37-39,0-11,0-2,7066
37-39,0-11,0-2,4798
37-39,0-11,0-2,4366
37-39,0-11,0-2,15030
37-39,0-11,0-2,11303
37-39,0-11,0-2,0
37-39,0-11,0-2,221
37-39,0-11,0-2,3913
37-39,0-11,0-2,3575
37-39,0-11,0-2,361
37-39,0-11,0-2,1072
37-39,0-11,0-2,1633
37-39,0-11,0-2,816
37-39,0-11,0-2,3315
37-39,0-11,0-2,5436
37-39,0-11,0-2,79
37-39,0-11,0-2,3913
37-39,0-11,0-2,879
37-39,0-11,0-2,1370
37-39,0-11,0-2,1242
37-39,0-11,0-2,-70
37-39,0-11,0-2,1852
37-39,0-11,0-2,2903
37-39,0-11,0-2,-388
37-39,0-11,0-2,740
37-39,0-11,0-2,14
37-39,0-11,0-2,0
37-39,0-11,0-2,1988
37-39,0-11,0-2,416
37-39,0-11,0-2,0
37-39,0-11,0-2,851
37-39,0-11,0-2,480
37-39,0-11,0-2,189
37-39,0-11,0-2,2998
37-39,0-11,0-2,246
37-39,0-11,0-2,284
37-39,0-11,0-2,1373
37-39,0-11,0-2,157
37-39,0-11,0-2,1193
37-39,0-11,0-2,5106
37-39,0-11,0-2,126
37-39,0-11,0-2,430
37-39,0-11,0-2,2569
37-39,0-11,0-2,0
37-39,0-11,0-2,490
37-39,0-11,0-2,131
37-39,0-11,0-2,1467
37-39,0-11,0-2,868
37-39,0-11,0-2,1050
37-39,0-11,0-2,2685
37-39,0-11,0-2,0
37-39,0-11,0-2,2008
37-39,0-11,0-2,1564
37-39,0-11,0-2,556
37-39,0-11,0-2,9121
37-39,0-11,0-2,603
37-39,0-11,0-2,3234
37-39,0-11,0-2,37
37-39,0-11,0-2,578
37-39,0-11,0-2,2253
37-39,0-11,0-2,157
37-39,0-11,0-2,102
37-39,0-11,0-2,14
37-39,0-11,0-2,0
37-39,0-11,0-2,124
37-39,0-11,0-2,0
37-39,0-11,0-2,744
37-39,0-11,0-2,0
37-39,0-11,0-2,-41
37-39,0-11,0-2,375
37-39,0-11,0-2,1663
37-39,0-11,0-2,238
37-39,0-11,0-2,4760
37-39,0-11,0-2,2023
37-39,0-11,0-2,539
37-39,0-11,0-2,0
37-39,0-11,0-2,815
37-39,0-11,0-2,689
37-39,0-11,0-2,821
37-39,0-11,0-2,8
37-39,0-11,0-2,426
37-39,0-11,0-2,12
37-39,0-11,0-2,2273
37-39,0-11,0-2,608
37-39,0-11,0-2,669
37-39,0-11,0-2,132
37-39,0-11,0-2,-405
37-39,0-11,0-2,279
37-39,0-11,0-2,-278
37-39,0-11,0-2,2442
37-39,0-11,0-2,76
37-39,0-11,0-2,3732
37-39,0-11,0-2,704
37-39,0-11,0-2,410
37-39,0-11,0-2,-469
37-39,0-11,0-2,226
37-39,0-11,0-2,-1
37-39,0-11,0-2,347
37-39,0-11,0-2,4565
37-39,0-11,0-2,7124
37-39,0-11,0-2,0
37-39,0-11,0-2,1175
37-39,0-11,0-2,0
37-39,0-11,0-2,399
37-39,0-11,0-2,45
37-39,0-11,0-2,781
37-39,0-11,0-2,0
37-39,0-11,0-2,3
37-39,0-11,0-2,247
37-39,0-11,0-2,2240
37-39,0-11,0-2,4143
37-39,0-11,0-2,434
37-39,0-11,0-2,950
37-39,0-11,0-2,-735
37-39,0-11,0-2,902
37-39,0-11,0-2,695
37-39,0-11,0-2,3419
37-39,0-11,0-2,66
37-39,0-11,0-2,-23
37-39,0-11,0-2,-183
37-39,0-11,0-2,46
37-39,0-11,0-2,490
37-39,0-11,0-2,1053
37-39,0-11,0-2,694
37-39,0-11,0-2,0
37-39,0-11,0-2,35
37-39,0-11,0-2,4760
37-39,0-11,0-2,4335
37-39,0-11,0-2,1046
37-39,0-11,0-2,104
37-39,0-11,0-2,1970
37-39,0-11,0-2,1513
37-39,0-11,0-2,1327
37-39,0-11,0-2,4089
37-39,0-11,0-2,-363
37-39,0-11,0-2,497
37-39,0-11,0-2,1367
37-39,0-11,0-2,0
37-39,0-11,0-2,46
37-39,0-11,0-2,83
37-39,0-11,0-2,7696
37-39,0-11,0-2,1438
37-39,0-11,0-2,238
37-39,0-11,0-2,1931
37-39,0-11,0-2,1449
37-39,0-11,0-2,228
37-39,0-11,0-2,2644
37-39,0-11,0-2,883
37-39,0-11,0-2,595
37-39,0-11,0-2,1661
37-39,0-11,0-2,385
37-39,0-11,0-2,223
37-39,0-11,0-2,0
37-39,0-11,0-2,179
37-39,0-11,0-2,532
37-39,0-11,0-2,-242
37-39,0-11,0-2,1439
37-39,0-11,0-2,654
37-39,0-11,0-2,1190
37-39,0-11,0-2,0
37-39,0-11,0-2,691
37-39,0-11,0-2,1042
37-39,0-11,0-2,917
37-39,0-11,0-2,5355
37-39,0-11,0-2,807
37-39,0-11,0-2,4425
37-39,0-11,0-2,0
37-39,0-11,0-2,767
37-39,0-11,0-2,-17
37-39,0-11,0-2,171
37-39,0-11,0-2,2226
37-39,0-11,0-2,389
37-39,0-11,0-2,-296
37-39,0-11,0-2,109
37-39,0-11,0-2,290
37-39,0-11,0-2,712
37-39,0-11,0-2,-540
37-39,0-11,0-2,399
37-39,0-11,0-2,403
37-39,0-11,0-2,1043
37-39,0-11,0-2,61
37-39,0-11,0-2,994
37-39,0-11,0-2,0
37-39,0-11,0-2,685
37-39,0-11,0-2,22856
37-39,0-11,0-2,435
37-39,0-11,0-2,1
37-39,0-11,0-2,267
37-39,0-11,0-2,170
37-39,0-11,0-2,3665
37-39,0-11,0-2,763
37-39,0-11,0-2,1960
37-39,0-11,0-2,1980
37-39,0-11,0-2,62
37-39,0-11,0-2,489
37-39,0-11,0-2,6728
37-39,0-11,0-2,562
37-39,0-11,0-2,48
37-39,0-11,0-2,0
37-39,0-11,0-2,223
37-39,0-11,0-2,894
37-39,0-11,0-2,406
37-39,0-11,0-2,-276
37-39,0-11,0-2,655
37-39,0-11,0-2,260
37-39,0-11,0-2,1601
37-39,0-11,0-2,435
37-39,0-11,0-2,836
37-39,0-11,0-2,1123
37-39,0-11,0-2,346
37-39,0-11,0-2,1514
37-39,0-11,0-2,1161
37-39,0-11,0-2,2543
37-39,0-11,0-2,0
37-39,0-11,0-2,746
37-39,0-11,0-2,7
37-39,0-11,0-2,122
37-39,0-11,0-2,2610
37-39,0-11,0-2,342
37-39,0-11,0-2,16957
37-39,0-11,0-2,26
37-39,0-11,0-2,2303
37-39,0-11,0-2,4030
37-39,0-11,0-2,800
37-39,0-11,0-2,75
37-39,0-11,0-2,376
37-39,0-11,0-2,994
37-39,0-11,0-2,52
37-39,0-11,0-2,11
37-39,0-11,0-2,0
37-39,0-11,0-2,658
37-39,0-11,0-2,1679
37-39,0-11,0-2,0
37-39,0-11,0-2,585
37-39,0-11,0-2,235
37-39,0-11,0-2,0
37-39,0-11,0-2,3242
37-39,0-11,0-2,20
37-39,0-11,0-2,-314
37-39,0-11,0-2,285
37-39,0-11,0-2,156
37-39,0-11,0-2,86
37-39,0-11,0-2,186
37-39,0-11,0-2,6968
37-39,0-11,0-2,2707
37-39,0-11,0-2,648
37-39,0-11,0-2,-401
37-39,0-11,0-2,3797
37-39,0-11,0-2,2600
37-39,0-11,0-2,2278
37-39,0-11,0-2,157
37-39,0-11,0-2,0
37-39,0-11,0-2,48
37-39,0-11,0-2,427
37-39,0-11,0-2,1287
37-39,0-11,0-2,215
37-39,0-11,0-2,897
37-39,0-11,0-2,103
37-39,0-11,0-2,0
37-39,0-11,0-2,8669
37-39,0-11,0-2,173
37-39,0-11,0-2,1047
37-39,0-11,0-2,8876
37-39,0-11,0-2,5092
37-39,0-11,0-2,889
37-39,0-11,0-2,98
37-39,0-11,0-2,526
37-39,0-11,0-2,954
37-39,0-11,0-2,270
37-39,0-11,0-2,31
37-39,0-11,0-2,310
37-39,0-11,0-2,6
37-39,0-11,0-2,-650
37-39,0-11,0-2,-762
37-39,0-11,0-2,1022
37-39,0-11,0-2,209
37-39,0-11,0-2,6704
37-39,0-11,0-2,3452
37-39,0-11,0-2,3576
37-39,0-11,0-2,0
37-39,0-11,0-2,293
37-39,0-11,0-2,6
37-39,0-11,0-2,196
37-39,0-11,0-2,67
37-39,0-11,0-2,0
37-39,0-11,0-2,-673
37-39,0-11,0-2,5244
37-39,0-11,0-2,846
37-39,0-11,0-2,543
37-39,0-11,0-2,1040
37-39,0-11,0-2,137
37-39,0-11,0-2,140
37-39,0-11,0-2,410
37-39,0-11,0-2,116
37-39,0-11,0-2,311
37-39,0-11,0-2,5731
37-39,0-11,0-2,0
37-39,0-11,0-2,3663
37-39,0-11,0-2,607
37-39,0-11,0-2,-107
37-39,0-11,0-2,1198
37-39,0-11,0-2,23
37-39,0-11,0-2,4722
37-39,0-11,0-2,0
37-39,0-11,0-2,0
37-39,0-11,0-2,7944
37-39,0-11,0-2,1698
37-39,0-11,0-2,471
37-39,0-11,0-2,1704
37-39,0-11,0-2,21
37-39,0-11,0-2,835
37-39,0-11,0-2,801
37-39,0-11,0-2,0
37-39,0-11,0-2,70
37-39,0-11,0-2,839
37-39,0-11,0-2,547
37-39,0-11,0-2,487
37-39,0-11,0-2,0
37-39,0-11,0-2,3288
37-39,0-11,0-2,282
37-39,0-11,0-2,3972
37-39,0-11,0-2,47
37-39,0-11,0-2,0
37-39,0-11,0-2,1063
37-39,0-11,0-2,0
37-39,0-11,0-2,914
37-39,0-11,0-2,0
37-39,0-11,0-2,506
37-39,0-11,0-2,33
37-39,0-11,0-2,1689
37-39,0-11,0-2,626
37-39,0-11,0-2,0
37-39,0-11,0-2,14058
37-39,0-11,0-2,1978
37-39,0-11,0-2,2812
37-39,0-11,0-2,395
37-39,0-11,0-2,4039
37-39,0-11,0-2,687
37-39,0-11,0-2,-242
37-39,0-11,0-2,83
37-39,0-11,0-2,0
37-39,0-11,0-2,896
37-39,0-11,0-2,0
37-39,0-11,0-2,722
37-39,0-11,0-2,0
37-39,0-11,0-2,749
37-39,0-11,0-2,9
37-39,0-11,0-2,20453
37-39,0-11,0-2,105
37-39,0-11,0-2,36
37-39,0-11,0-2,213
37-39,0-11,0-2,13156
37-39,0-11,0-2,355
37-39,0-11,0-2,266
37-39,0-11,0-2,7929
37-39,0-11,0-2,267
37-39,0-11,0-2,260
37-39,0-11,0-2,190
37-39,0-11,0-2,12877
37-39,0-11,0-2,1506
37-39,0-11,0-2,102
37-39,0-11,0-2,3953
37-39,0-11,0-2,6969
37-39,0-11,0-2,623
37-39,0-11,0-2,163
37-39,0-11,0-2,3436
37-39,0-11,0-2,378
37-39,0-11,0-2,4196
37-39,0-11,0-2,1205
40-47,0-1,0-2,264
40-47,0-1,0-2,1811
40-47,0-1,0-2,844
40-47,0-1,0-2,-516
40-47,0-1,0-2,174
40-47,0-1,0-2,5426
40-47,0-1,0-2,419
40-47,0-1,0-2,168
40-47,0-1,0-2,-715
40-47,0-1,0-2,323
40-47,0-1,0-2,179
40-47,0-1,0-2,-256
40-47,0-1,0-2,1269
40-47,0-1,0-2,462
40-47,0-1,0-2,-465
40-47,0-1,0-2,5181
40-47,0-1,0-2,6
40-47,0-1,0-2,0
40-47,0-1,0-2,222
40-47,0-1,0-2,63
40-47,0-1,0-2,1060
40-47,0-1,0-2,480
40-47,0-1,0-2,-311
40-47,0-1,0-2,2
40-47,0-1,0-2,182
40-47,0-1,0-2,1783
40-47,0-1,0-2,214
40-47,0-1,0-2,0
40-47,0-1,0-2,0
40-47,0-1,0-2,-396
40-47,0-1,0-2,8
40-47,0-1,0-2,61
40-47,0-1,0-2,999
40-47,0-1,0-2,1076
40-47,0-1,0-2,130
40-47,0-1,0-2,2
40-47,0-1,0-2,117
40-47,0-1,0-2,22
40-47,0-1,0-2,428
40-47,0-1,0-2,738
40-47,0-1,0-2,233
40-47,0-1,0-2,920
40-47,0-1,0-2,3696
40-47,0-1,0-2,720
40-47,0-1,0-2,-256
40-47,0-1,0-2,105
40-47,0-1,0-2,0
40-47,0-1,0-2,2195
40-47,0-1,0-2,324
40-47,0-1,0-2,11084
40-47,0-1,0-2,429
40-47,0-1,0-2,67
40-47,0-1,0-2,115
40-47,0-1,0-2,498
40-47,0-1,0-2,49
40-47,0-1,0-2,3098
40-47,0-1,0-2,1136
40-47,0-1,0-2,1022
40-47,0-1,0-2,352
40-47,0-1,0-2,-216
40-47,0-1,0-2,1996
40-47,0-1,0-2,4900
40-47,0-1,0-2,5
40-47,0-1,0-2,1020
40-47,0-1,0-2,338
40-47,0-1,0-2,757
40-47,0-1,0-2,1206
40-47,0-1,0-2,952
40-47,0-1,0-2,-119
40-47,0-1,0-2,2993
40-47,0-1,0-2,2904
40-47,0-1,0-2,1451
40-47,0-1,0-2,552
40-47,0-1,0-2,262
40-47,0-1,0-2,2067
40-47,0-1,0-2,5346
40-47,0-1,0-2,1069
40-47,0-1,0-2,780
40-47,0-1,0-2,-535
40-47,0-1,0-2,667
40-47,0-1,0-2,5110
40-47,0-1,0-2,3052
40-47,0-1,0-2,-182
40-47,0-1,0-2,205
40-47,0-1,0-2,1934
40-47,0-1,0-2,230
40-47,0-1,0-2,271
40-47,0-1,0-2,320
40-47,0-1,0-2,0
40-47,0-1,0-2,2403
40-47,0-1,0-2,-98
40-47,0-1,0-2,-97
40-47,0-1,0-2,-217
40-47,0-1,0-2,2232
40-47,0-1,0-2,849
40-47,0-1,0-2,-921
40-47,0-1,0-2,494
40-47,0-1,0-2,-14
40-47,0-1,0-2,1459
40-47,0-1,0-2,91
40-47,0-1,0-2,204
40-47,0-1,0-2,951
40-47,0-1,0-2,368
40-47,0-1,0-2,121
40-47,0-1,0-2,-335
40-47,0-1,0-2,3165
40-47,0-1,0-2,2524
40-47,0-1,0-2,1520
40-47,0-1,0-2,0
40-47,0-1,0-2,7343
40-47,0-1,0-2,638
40-47,0-1,0-2,432
40-47,0-1,0-2,225
40-47,0-1,0-2,936
40-47,0-1,0-2,792
40-47,0-1,0-2,2749
40-47,0-1,0-2,1012
40-47,0-1,0-2,7727
40-47,0-1,0-2,104
40-47,0-1,0-2,2558
40-47,0-1,0-2,5639
40-47,0-1,0-2,162
40-47,0-1,0-2,4684
40-47,0-1,0-2,2378
40-47,0-1,0-2,-183
40-47,0-1,0-2,3451
40-47,0-1,0-2,130
40-47,0-1,0-2,1211
40-47,0-1,0-2,1291
40-47,0-1,0-2,-312
40-47,0-1,0-2,556
40-47,0-1,0-2,-11
40-47,0-1,0-2,168
40-47,0-1,0-2,1322
40-47,0-1,0-2,751
40-47,0-1,0-2,132
40-47,0-1,0-2,70
40-47,0-1,0-2,97
40-47,0-1,0-2,100
40-47,0-1,0-2,243
40-47,0-1,0-2,641
40-47,0-1,0-2,-101
40-47,0-1,0-2,4958
40-47,0-1,0-2,1230
40-47,0-1,0-2,-406
40-47,0-1,0-2,-179
40-47,0-1,0-2,4365
40-47,0-1,0-2,212
40-47,0-1,0-2,6046
40-47,0-1,0-2,2523
40-47,0-1,0-2,98
40-47,0-1,0-2,10
40-47,0-1,0-2,2926
40-47,0-1,0-2,0
40-47,0-1,0-2,137
40-47,0-1,0-2,-121
40-47,0-1,0-2,664
40-47,0-1,0-2,625
40-47,0-1,0-2,-93
40-47,0-1,0-2,216
40-47,0-1,0-2,214
40-47,0-1,0-2,343
40-47,0-1,0-2,452
40-47,0-1,0-2,22
40-47,0-1,0-2,-306
40-47,0-1,0-2,255
40-47,0-1,0-2,-1
40-47,0-1,0-2,907
40-47,0-1,0-2,174
40-47,0-1,0-2,1693
40-47,0-1,0-2,778
40-47,0-1,0-2,3823
40-47,0-1,0-2,47
40-47,0-1,0-2,0
40-47,0-1,0-2,389
40-47,0-1,0-2,2433
40-47,0-1,0-2,-11
40-47,0-1,0-2,704
40-47,0-1,0-2,787
40-47,0-1,0-2,3060
40-47,0-1,0-2,0
40-47,0-1,0-2,3485
40-47,0-1,0-2,8238
40-47,0-1,0-2,1491
40-47,0-1,0-2,30
40-47,0-1,0-2,0
40-47,0-1,0-2,-386
40-47,0-1,0-2,7041
40-47,0-1,0-2,519
40-47,0-1,0-2,665
40-47,0-1,0-2,2519
40-47,0-1,0-2,310
40-47,0-1,0-2,2443
40-47,0-1,0-2,271
40-47,0-1,0-2,136
40-47,0-1,0-2,505
40-47,0-1,0-2,0
40-47,0-1,0-2,1071
40-47,0-1,0-2,7378
40-47,0-1,0-2,0
40-47,0-1,0-2,827
40-47,0-1,0-2,776
40-47,0-1,0-2,2111
40-47,0-1,0-2,143
40-47,0-1,0-2,0
40-47,0-1,0-2,0
40-47,0-1,0-2,0
40-47,0-1,0-2,0
40-47,0-1,0-2,0
40-47,0-1,0-2,75
40-47,0-1,0-2,1203
40-47,0-1,0-2,-839
40-47,0-1,0-2,2157
40-47,0-1,0-2,0
40-47,0-1,0-2,1910
40-47,0-1,0-2,134
40-47,0-1,0-2,748
40-47,0-1,0-2,699
40-47,0-1,0-2,120
40-47,0-1,0-2,881
40-47,0-1,0-2,92
40-47,0-1,0-2,326
40-47,0-1,0-2,123
40-47,0-1,0-2,-388
40-47,0-1,0-2,147
40-47,0-1,0-2,4
40-47,0-1,0-2,1712
40-47,0-1,0-2,4855
40-47,0-1,0-2,556
40-47,0-1,0-2,221
40-47,0-1,0-2,982
40-47,0-1,0-2,644
40-47,0-1,0-2,508
40-47,0-1,0-2,60
40-47,0-1,0-2,1397
40-47,0-1,0-2,232
40-47,0-1,0-2,1429
40-47,0-1,0-2,3285
40-47,0-1,0-2,4646
40-47,0-1,0-2,2657
40-47,0-1,0-2,0
40-47,0-1,0-2,3068
40-47,0-1,0-2,328
40-47,0-1,0-2,1156
40-47,0-1,0-2,529
40-47,0-1,0-2,137
40-47,0-1,0-2,-204
40-47,0-1,0-2,2519
40-47,0-1,0-2,1327
40-47,0-1,0-2,542
40-47,0-1,0-2,192
40-47,0-1,0-2,788
40-47,0-1,0-2,295
40-47,0-1,0-2,2128
40-47,0-1,0-2,3
40-47,0-1,0-2,382
40-47,0-1,0-2,2033
40-47,0-1,0-2,72
40-47,0-1,0-2,7735
40-47,0-1,0-2,6767
40-47,0-1,0-2,389
40-47,0-1,0-2,1088
40-47,0-1,0-2,1291
40-47,0-1,0-2,4209
40-47,0-1,0-2,1544
40-47,0-1,0-2,292
40-47,0-1,0-2,-674
40-47,0-1,0-2,328
40-47,0-1,0-2,-1400
40-47,0-1,0-2,2160
40-47,0-1,0-2,1628
40-47,0-1,0-2,3215
40-47,0-1,0-2,16178
40-47,0-1,0-2,-422
40-47,0-1,0-2,248
40-47,0-1,0-2,998
40-47,0-1,0-2,30
40-47,0-1,0-2,4022
40-47,0-1,0-2,179
40-47,0-1,0-2,4539
40-47,0-1,0-2,-97
40-47,0-1,0-2,781
40-47,0-1,0-2,-247
40-47,0-1,0-2,878
40-47,0-1,0-2,400
40-47,0-1,0-2,92
40-47,0-1,0-2,1670
40-47,0-1,0-2,276
40-47,0-1,0-2,3658
40-47,0-1,0-2,263
40-47,0-1,0-2,420
40-47,0-1,0-2,-365
40-47,0-1,0-2,1139
40-47,0-1,0-2,-614
40-47,0-1,0-2,194
40-47,0-1,0-2,61
40-47,0-1,0-2,5306
40-47,0-1,0-2,3676
40-47,0-1,0-2,887
40-47,0-1,0-2,784
40-47,0-1,0-2,24
40-47,0-1,0-2,188
40-47,0-1,0-2,1287
40-47,0-1,0-2,21515
40-47,0-1,0-2,9328
40-47,0-1,0-2,1334
40-47,0-1,0-2,0
40-47,0-1,0-2,0
40-47,0-1,0-2,2805
40-47,0-1,0-2,0
40-47,0-1,0-2,260
40-47,0-1,0-2,177
40-47,0-1,0-2,96
40-47,0-1,0-2,126
40-47,0-1,0-2,483
40-47,0-1,0-2,0
40-47,0-1,0-2,969
40-47,0-1,0-2,487
40-47,0-1,0-2,0
40-47,0-1,0-2,-547
40-47,0-1,0-2,185
40-47,0-1,0-2,1279
40-47,0-1,0-2,1790
40-47,0-1,0-2,293
40-47,0-1,0-2,440
40-47,0-1,0-2,2548
40-47,0-1,0-2,2642
40-47,0-1,0-2,2540
40-47,0-1,0-2,-10
40-47,0-1,0-2,1172
40-47,0-1,0-2,4795
40-47,0-1,0-2,10910
40-47,0-1,0-2,59
40-47,0-1,0-2,1536
40-47,0-1,0-2,13117
40-47,0-1,0-2,258
40-47,0-1,0-2,-237
40-47,0-1,0-2,1335
40-47,0-1,0-2,466
40-47,0-1,0-2,942
40-47,0-1,0-2,1080
40-47,0-1,0-2,642
40-47,0-1,0-2,668
40-47,0-1,0-2,1100
48-75,0-1,0-2,0
48-75,0-1,0-2,627
48-75,0-1,0-2,105
48-75,0-1,0-2,1117
48-75,0-1,0-2,145
48-75,0-1,0-2,4629
48-75,0-1,0-2,2231
48-75,0-1,0-2,3064
48-75,0-1,0-2,16873
48-75,0-1,0-2,203
48-75,0-1,0-2,388
48-75,0-1,0-2,1466
48-75,0-1,0-2,14093
48-75,0-1,0-2,0
48-75,0-1,0-2,602
48-75,0-1,0-2,0
48-75,0-1,0-2,305
48-75,0-1,0-2,365
48-75,0-1,0-2,606
48-75,0-1,0-2,410
48-75,0-1,0-2,989
48-75,0-1,0-2,5776
48-75,0-1,0-2,37
48-75,0-1,0-2,4108
48-75,0-1,0-2,345
48-75,0-1,0-2,8545
48-75,0-1,0-2,276
48-75,0-1,0-2,1150
48-75,0-1,0-2,4099
48-75,0-1,0-2,2039
48-75,0-1,0-2,887
48-75,0-1,0-2,0
48-75,0-1,0-2,4380
48-75,0-1,0-2,283
48-75,0-1,0-2,4608
48-75,0-1,0-2,452
48-75,0-1,0-2,149
48-75,0-1,0-2,1480
48-75,0-1,0-2,779
48-75,0-1,0-2,1187
48-75,0-1,0-2,826
48-75,0-1,0-2,1796
48-75,0-1,0-2,2
48-75,0-1,0-2,1054
48-75,0-1,0-2,157
48-75,0-1,0-2,2465
48-75,0-1,0-2,211
48-75,0-1,0-2,2275
48-75,0-1,0-2,171
48-75,0-1,0-2,12519
48-75,0-1,0-2,289
48-75,0-1,0-2,887
48-75,0-1,0-2,1178
48-75,0-1,0-2,60
48-75,0-1,0-2,705
48-75,0-1,0-2,1092
48-75,0-1,0-2,322
48-75,0-1,0-2,1
48-75,0-1,0-2,231
48-75,0-1,0-2,817
48-75,0-1,0-2,343
48-75,0-1,0-2,179
48-75,0-1,0-2,3924
48-75,0-1,0-2,-202
48-75,0-1,0-2,16
48-75,0-1,0-2,309
48-75,0-1,0-2,10287
48-75,0-1,0-2,16353
48-75,0-1,0-2,340
48-75,0-1,0-2,428
48-75,0-1,0-2,2662
48-75,0-1,0-2,2347
48-75,0-1,0-2,3873
48-75,0-1,0-2,3021
48-75,0-1,0-2,1291
48-75,0-1,0-2,543
48-75,0-1,0-2,841
48-75,0-1,0-2,-454
48-75,0-1,0-2,1613
48-75,0-1,0-2,202
48-75,0-1,0-2,112
48-75,0-1,0-2,0
48-75,0-1,0-2,1665
48-75,0-1,0-2,-10
48-75,0-1,0-2,0
48-75,0-1,0-2,23
48-75,0-1,0-2,4415
48-75,0-1,0-2,174
48-75,0-1,0-2,10177
48-75,0-1,0-2,160
48-75,0-1,0-2,493
48-75,0-1,0-2,5050
48-75,0-1,0-2,741
48-75,0-1,0-2,-932
48-75,0-1,0-2,607
48-75,0-1,0-2,-55
48-75,0-1,0-2,1784
48-75,0-1,0-2,781
48-75,0-1,0-2,379
48-75,0-1,0-2,-98
48-75,0-1,0-2,39
48-75,0-1,0-2,4012
48-75,0-1,0-2,467
48-75,0-1,0-2,4103
48-75,0-1,0-2,70
48-75,0-1,0-2,837
48-75,0-1,0-2,635
48-75,0-1,0-2,1025
48-75,0-1,0-2,203
48-75,0-1,0-2,0
48-75,0-1,0-2,0
48-75,0-1,0-2,372
48-75,0-1,0-2,191
48-75,0-1,0-2,1019
48-75,0-1,0-2,8139
48-75,0-1,0-2,699
48-75,0-1,0-2,306
48-75,0-1,0-2,1164
48-75,0-1,0-2,-191
48-75,0-1,0-2,2237
48-75,0-1,0-2,-28
48-75,0-1,0-2,2190
48-75,0-1,0-2,2398
48-75,0-1,0-2,872
48-75,0-1,0-2,282
48-75,0-1,0-2,197
48-75,0-1,0-2,2887
48-75,0-1,0-2,810
48-75,0-1,0-2,-435
48-75,0-1,0-2,579
48-75,0-1,0-2,808
48-75,0-1,0-2,4143
48-75,0-1,0-2,15
48-75,0-1,0-2,0
48-75,0-1,0-2,474
48-75,0-1,0-2,333
48-75,0-1,0-2,139
48-75,0-1,0-2,1111
48-75,0-1,0-2,310
48-75,0-1,0-2,2038
48-75,0-1,0-2,625
48-75,0-1,0-2,551
48-75,0-1,0-2,985
48-75,0-1,0-2,1869
48-75,0-1,0-2,42
48-75,0-1,0-2,8
48-75,0-1,0-2,230
48-75,0-1,0-2,263
48-75,0-1,0-2,0
48-75,0-1,0-2,3726
48-75,0-1,0-2,781
48-75,0-1,0-2,0
48-75,0-1,0-2,602
48-75,0-1,0-2,-11
48-75,0-1,0-2,0
48-75,0-1,0-2,-552
48-75,0-1,0-2,383
48-75,0-1,0-2,0
48-75,0-1,0-2,-182
48-75,0-1,0-2,225
48-75,0-1,0-2,2059
48-75,0-1,0-2,0
48-75,0-1,0-2,1678
48-75,0-1,0-2,23
48-75,0-1,0-2,3927
48-75,0-1,0-2,865
48-75,0-1,0-2,975
48-75,0-1,0-2,769
48-75,0-1,0-2,131
48-75,0-1,0-2,3573
48-75,0-1,0-2,23
48-75,0-1,0-2,0
48-75,0-1,0-2,865
48-75,0-1,0-2,292
48-75,0-1,0-2,5366
48-75,0-1,0-2,397
48-75,0-1,0-2,2146
48-75,0-1,0-2,92
48-75,0-1,0-2,981
48-75,0-1,0-2,-70
48-75,0-1,0-2,574
48-75,0-1,0-2,0
48-75,0-1,0-2,1521
48-75,0-1,0-2,25
48-75,0-1,0-2,-396
48-75,0-1,0-2,1159
48-75,0-1,0-2,1592
48-75,0-1,0-2,46
48-75,0-1,0-2,602
48-75,0-1,0-2,5314
48-75,0-1,0-2,1270
48-75,0-1,0-2,5715
48-75,0-1,0-2,1088
48-75,0-1,0-2,179
48-75,0-1,0-2,1649
48-75,0-1,0-2,169
48-75,0-1,0-2,2039
48-75,0-1,0-2,-97
48-75,0-1,0-2,73
48-75,0-1,0-2,681
48-75,0-1,0-2,45
48-75,0-1,0-2,828
48-75,0-1,0-2,3735
48-75,0-1,0-2,93
48-75,0-1,0-2,65
48-75,0-1,0-2,0
48-75,0-1,0-2,1868
48-75,0-1,0-2,427
48-75,0-1,0-2,318
48-75,0-1,0-2,2
48-75,0-1,0-2,195
48-75,0-1,0-2,-630
48-75,0-1,0-2,6053
48-75,0-1,0-2,1142
48-75,0-1,0-2,191
48-75,0-1,0-2,2381
48-75,0-1,0-2,2281
48-75,0-1,0-2,13229
48-75,0-1,0-2,0
48-75,0-1,0-2,2087
48-75,0-1,0-2,1545
48-75,0-1,0-2,1801
48-75,0-1,0-2,284
48-75,0-1,0-2,314
48-75,0-1,0-2,104
48-75,0-1,0-2,367
48-75,0-1,0-2,590
48-75,0-1,0-2,693
48-75,0-1,0-2,3043
48-75,0-1,0-2,1472
48-75,0-1,0-2,0
48-75,0-1,0-2,23
48-75,0-1,0-2,459
48-75,0-1,0-2,865
48-75,0-1,0-2,0
48-75,0-1,0-2,937
48-75,0-1,0-2,25
48-75,0-1,0-2,452
48-75,0-1,0-2,789
48-75,0-1,0-2,1102
48-75,0-1,0-2,316
48-75,0-1,0-2,2552
48-75,0-1,0-2,36
48-75,0-1,0-2,3096
48-75,0-1,0-2,174
48-75,0-1,0-2,199
48-75,0-1,0-2,750
48-75,0-1,0-2,-1
48-75,0-1,0-2,199
48-75,0-1,0-2,231
48-75,0-1,0-2,151
48-75,0-1,0-2,2814
48-75,0-1,0-2,1840
48-75,0-1,0-2,2223
48-75,0-1,0-2,312
48-75,0-1,0-2,3337
48-75,0-1,0-2,179
48-75,0-1,0-2,253
48-75,0-1,0-2,1738
48-75,0-1,0-2,1032
48-75,0-1,0-2,2967
48-75,0-1,0-2,2320
48-75,0-1,0-2,3018
48-75,0-1,0-2,483
48-75,0-1,0-2,161
48-75,0-1,0-2,423
48-75,0-1,0-2,0
48-75,0-1,0-2,425
48-75,0-1,0-2,381
48-75,0-1,0-2,377
48-75,0-1,0-2,4503
48-75,0-1,0-2,1040
48-75,0-1,0-2,169
48-75,0-1,0-2,748
48-75,0-1,0-2,395
48-75,0-1,0-2,1011
48-75,0-1,0-2,420
48-75,0-1,0-2,844
48-75,0-1,0-2,14440
48-75,0-1,0-2,1143
48-75,0-1,0-2,0
48-75,0-1,0-2,-19
48-75,0-1,0-2,1331
48-75,0-1,0-2,1758
48-75,0-1,0-2,-967
48-75,0-1,0-2,26
48-75,0-1,0-2,1086
48-75,0-1,0-2,471
48-75,0-1,0-2,2330
48-75,0-1,0-2,2227
48-75,0-1,0-2,448
48-75,0-1,0-2,53
48-75,0-1,0-2,2137
48-75,0-1,0-2,559
48-75,0-1,0-2,2142
48-75,0-1,0-2,1069
48-75,0-1,0-2,1141
48-75,0-1,0-2,865
48-75,0-1,0-2,579
48-75,0-1,0-2,480
48-75,0-1,0-2,1883
48-75,0-1,0-2,902
48-75,0-1,0-2,78
48-75,0-1,0-2,459
48-75,0-1,0-2,8218
48-75,0-1,0-2,1504
48-75,0-1,0-2,371
48-75,0-1,0-2,51
48-75,0-1,0-2,-27
48-75,0-1,0-2,-626
48-75,0-1,0-2,3608
48-75,0-1,0-2,225
48-75,0-1,0-2,2284
48-75,0-1,0-2,40
48-75,0-1,0-2,1415
48-75,0-1,0-2,5431
48-75,0-1,0-2,1568
48-75,0-1,0-2,5
48-75,0-1,0-2,-133
48-75,0-1,0-2,439
48-75,0-1,0-2,98
48-75,0-1,0-2,2146
48-75,0-1,0-2,3316
48-75,0-1,0-2,181
48-75,0-1,0-2,238
48-75,0-1,0-2,3496
48-75,0-1,0-2,322
40-80,2-4,0-2,221
40-80,2-4,0-2,194
40-80,2-4,0-2,16
40-80,2-4,0-2,93
40-80,2-4,0-2,5883
40-80,2-4,0-2,42
40-80,2-4,0-2,82
40-80,2-4,0-2,5887
40-80,2-4,0-2,0
40-80,2-4,0-2,2
40-80,2-4,0-2,3222
40-80,2-4,0-2,1517
40-80,2-4,0-2,25
40-80,2-4,0-2,-55
40-80,2-4,0-2,-970
40-80,2-4,0-2,6313
40-80,2-4,0-2,89
40-80,2-4,0-2,8104
40-80,2-4,0-2,499
40-80,2-4,0-2,9009
40-80,2-4,0-2,372
40-80,2-4,0-2,1691
40-80,2-4,0-2,3571
40-80,2-4,0-2,7082
40-80,2-4,0-2,3762
40-80,2-4,0-2,-189
40-80,2-4,0-2,484
40-80,2-4,0-2,209
40-80,2-4,0-2,624
40-80,2-4,0-2,12186
40-80,2-4,0-2,49
40-80,2-4,0-2,3681
40-80,2-4,0-2,-701
40-80,2-4,0-2,353
40-80,2-4,0-2,687
40-80,2-4,0-2,559
40-80,2-4,0-2,2
40-80,2-4,0-2,447
40-80,2-4,0-2,832
40-80,2-4,0-2,0
40-80,2-4,0-2,1602
40-80,2-4,0-2,2587
40-80,2-4,0-2,4
40-80,2-4,0-2,395
40-80,2-4,0-2,5450
40-80,2-4,0-2,497
40-80,2-4,0-2,733
40-80,2-4,0-2,6613
40-80,2-4,0-2,438
40-80,2-4,0-2,322
40-80,2-4,0-2,0
40-80,2-4,0-2,755
40-80,2-4,0-2,542
40-80,2-4,0-2,995
40-80,2-4,0-2,217
40-80,2-4,0-2,0
40-80,2-4,0-2,22
40-80,2-4,0-2,795
40-80,2-4,0-2,36
40-80,2-4,0-2,0
40-80,2-4,0-2,0
40-80,2-4,0-2,10378
40-80,2-4,0-2,8969
40-80,2-4,0-2,666
40-80,2-4,0-2,237
40-80,2-4,0-2,0
40-80,2-4,0-2,55
40-80,2-4,0-2,136
40-80,2-4,0-2,1328
40-80,2-4,0-2,7317
40-80,2-4,0-2,515
40-80,2-4,0-2,3872
40-80,2-4,0-2,108
40-80,2-4,0-2,665
40-80,2-4,0-2,1584
40-80,2-4,0-2,76
40-80,2-4,0-2,1529
40-80,2-4,0-2,0
40-80,2-4,0-2,1304
40-80,2-4,0-2,242
40-80,2-4,0-2,1319
40-80,2-4,0-2,38
40-80,2-4,0-2,201
40-80,2-4,0-2,54
40-80,2-4,0-2,1509
40-80,2-4,0-2,2764
40-80,2-4,0-2,6269
40-80,2-4,0-2,252
40-80,2-4,0-2,-117
40-80,2-4,0-2,1034
40-80,2-4,0-2,621
40-80,2-4,0-2,2
40-80,2-4,0-2,3706
40-80,2-4,0-2,7708
40-80,2-4,0-2,6483
40-80,2-4,0-2,28
40-80,2-4,0-2,1430
40-80,2-4,0-2,14752
40-80,2-4,0-2,15311
40-80,2-4,0-2,10786
40-80,2-4,0-2,810
40-80,2-4,0-2,153
40-80,2-4,0-2,3463
40-80,2-4,0-2,3250
40-80,2-4,0-2,66
40-80,2-4,0-2,1167
40-80,2-4,0-2,233
40-80,2-4,0-2,1052
40-80,2-4,0-2,1944
40-80,2-4,0-2,0
40-80,2-4,0-2,3016
40-80,2-4,0-2,1405
40-80,2-4,0-2,111
40-80,2-4,0-2,2881
40-80,2-4,0-2,643
40-80,2-4,0-2,254
40-80,2-4,0-2,-1212
40-80,2-4,0-2,421
40-80,2-4,0-2,1429
40-80,2-4,0-2,0
40-80,2-4,0-2,16
40-80,2-4,0-2,671
40-80,2-4,0-2,976
40-80,2-4,0-2,-105
40-80,2-4,0-2,624
40-80,2-4,0-2,4
40-80,2-4,0-2,866
40-80,2-4,0-2,8167
40-80,2-4,0-2,94
40-80,2-4,0-2,58
40-80,2-4,0-2,606
40-80,2-4,0-2,61
40-80,2-4,0-2,-459
40-80,2-4,0-2,60
40-80,2-4,0-2,-29
40-80,2-4,0-2,7353
40-80,2-4,0-2,1790
40-80,2-4,0-2,3163
40-80,2-4,0-2,979
40-80,2-4,0-2,2
40-80,2-4,0-2,255
40-80,2-4,0-2,388
40-80,2-4,0-2,1016
40-80,2-4,0-2,525
40-80,2-4,0-2,964
40-80,2-4,0-2,0
40-80,2-4,0-2,37
40-80,2-4,0-2,10758
40-80,2-4,0-2,5
40-80,2-4,0-2,4
40-80,2-4,0-2,198
40-80,2-4,0-2,231
40-80,2-4,0-2,538
40-80,2-4,0-2,2767
40-80,2-4,0-2,176
40-80,2-4,0-2,9720
40-80,2-4,0-2,299
40-80,2-4,0-2,3904
40-80,2-4,0-2,1147
40-80,2-4,0-2,8262
40-80,2-4,0-2,50
40-80,2-4,0-2,768
40-80,2-4,0-2,2096
40-80,2-4,0-2,5278
40-80,2-4,0-2,1831
40-80,2-4,0-2,7289
40-80,2-4,0-2,2885
40-80,2-4,0-2,146
40-80,2-4,0-2,725
40-80,2-4,0-2,5403
40-80,2-4,0-2,4567
40-80,2-4,0-2,278
40-80,2-4,0-2,366
40-80,2-4,0-2,501
40-80,2-4,0-2,998
40-80,2-4,0-2,369
40-80,2-4,0-2,2729
40-80,2-4,0-2,517
40-80,2-4,0-2,-470
40-80,2-4,0-2,679
40-80,2-4,0-2,3463
40-80,2-4,0-2,6016
40-80,2-4,0-2,2370
40-80,2-4,0-2,109
40-80,2-4,0-2,-11
40-80,2-4,0-2,653
40-80,2-4,0-2,5037
40-80,2-4,0-2,0
40-80,2-4,0-2,743
40-80,2-4,0-2,209
40-80,2-4,0-2,2
40-80,2-4,0-2,1519
40-80,2-4,0-2,1623
40-80,2-4,0-2,60
40-80,2-4,0-2,171
40-80,2-4,0-2,1509
40-80,2-4,0-2,69
40-80,2-4,0-2,99
40-80,2-4,0-2,85
40-80,2-4,0-2,415
40-80,2-4,0-2,507
40-80,2-4,0-2,0
40-80,2-4,0-2,1238
40-80,2-4,0-2,1172
40-80,2-4,0-2,192
40-80,2-4,0-2,276
40-80,2-4,0-2,1008
40-80,2-4,0-2,-94
40-80,2-4,0-2,-7
40-80,2-4,0-2,19
40-80,2-4,0-2,2171
40-80,2-4,0-2,690
40-80,2-4,0-2,273
40-80,2-4,0-2,1544
40-80,2-4,0-2,229
40-80,2-4,0-2,1339
40-80,2-4,0-2,204
40-80,2-4,0-2,2418
40-80,2-4,0-2,2934
40-80,2-4,0-2,7702
40-80,2-4,0-2,117
40-80,2-4,0-2,1041
40-80,2-4,0-2,100
40-80,2-4,0-2,151
40-80,2-4,0-2,1149
40-80,2-4,0-2,1297
40-80,2-4,0-2,1188
40-80,2-4,0-2,353
40-80,2-4,0-2,1048
40-80,2-4,0-2,0
40-80,2-4,0-2,2960
40-80,2-4,0-2,4415
40-80,2-4,0-2,238
40-80,2-4,0-2,630
40-80,2-4,0-2,1910
40-80,2-4,0-2,3172
40-80,2-4,0-2,345
40-80,2-4,0-2,2058
40-80,2-4,0-2,889
40-80,2-4,0-2,51
40-80,2-4,0-2,2139
40-80,2-4,0-2,3232
40-80,2-4,0-2,1598
40-80,2-4,0-2,297
40-80,2-4,0-2,17555
40-80,2-4,0-2,5172
40-80,2-4,0-2,15520
40-80,2-4,0-2,1533
40-80,2-4,0-2,286
40-80,2-4,0-2,0
40-80,2-4,0-2,3370
40-80,2-4,0-2,1375
40-80,2-4,0-2,21244
40-80,2-4,0-2,0
40-80,2-4,0-2,4374
40-80,2-4,0-2,0
40-80,2-4,0-2,-3
40-80,2-4,0-2,8295
40-80,2-4,0-2,0
40-80,2-4,0-2,1295
40-80,2-4,0-2,541
40-80,2-4,0-2,99
40-80,2-4,0-2,-679
40-80,2-4,0-2,773
40-80,2-4,0-2,-495
40-80,2-4,0-2,1205
40-80,2-4,0-2,87
40-80,2-4,0-2,3228
40-80,2-4,0-2,1361
40-80,2-4,0-2,273
40-80,2-4,0-2,7813
40-80,2-4,0-2,7195
40-80,2-4,0-2,3921
40-80,2-4,0-2,1729
40-80,2-4,0-2,757
40-80,2-4,0-2,0
40-80,2-4,0-2,2169
40-80,2-4,0-2,1410
40-80,2-4,0-2,-154
40-80,2-4,0-2,-1164
40-80,2-4,0-2,852
40-80,2-4,0-2,0
40-80,2-4,0-2,0
40-80,2-4,0-2,-612
40-80,2-4,0-2,419
40-80,2-4,0-2,4758
40-80,2-4,0-2,1573
40-80,2-4,0-2,0
40-80,2-4,0-2,7010
40-80,2-4,0-2,245
40-80,2-4,0-2,0
40-80,2-4,0-2,150
40-80,2-4,0-2,1727
40-80,2-4,0-2,-192
40-80,2-4,0-2,13044
40-80,2-4,0-2,529
40-80,2-4,0-2,318
40-80,2-4,0-2,3859
40-80,2-4,0-2,201
40-80,2-4,0-2,2959
40-80,2-4,0-2,22
40-80,2-4,0-2,-1313
40-80,2-4,0-2,9339
40-80,2-4,0-2,50
40-80,2-4,0-2,6922
40-80,2-4,0-2,2262
40-80,2-4,0-2,668
40-80,2-4,0-2,145
40-80,2-4,0-2,1832
40-80,2-4,0-2,291
40-80,2-4,0-2,3
40-80,2-4,0-2,0
40-80,2-4,0-2,3727
40-80,2-4,0-2,1859
40-80,2-4,0-2,422
40-80,2-4,0-2,3387
40-80,2-4,0-2,907
40-80,2-4,0-2,442
40-80,2-4,0-2,104
40-80,2-4,0-2,363
40-80,2-4,0-2,-50
40-80,2-4,0-2,26306
40-80,2-4,0-2,1598
40-80,2-4,0-2,2154
40-80,2-4,0-2,46
40-80,2-4,0-2,145
40-80,2-4,0-2,207
40-80,2-4,0-2,764
40-80,2-4,0-2,326
40-80,2-4,0-2,-15
40-80,2-4,0-2,1929
40-80,2-4,0-2,-206
40-80,2-4,0-2,0
40-80,2-4,0-2,139
40-80,2-4,0-2,2515
40-80,2-4,0-2,320
40-80,2-4,0-2,3431
40-80,2-4,0-2,370
40-80,2-4,0-2,13342
40-80,2-4,0-2,-665
40-80,2-4,0-2,407
40-80,2-4,0-2,659
40-80,2-4,0-2,838
40-80,2-4,0-2,68
40-80,2-4,0-2,0
40-80,2-4,0-2,2105
40-80,2-4,0-2,-2082
40-80,2-4,0-2,772
40-80,2-4,0-2,592
40-80,2-4,0-2,419
40-80,2-4,0-2,251
40-80,2-4,0-2,0
40-80,2-4,0-2,5063
40-80,2-4,0-2,1890
40-80,2-4,0-2,1548
40-80,2-4,0-2,401
40-80,2-4,0-2,0
40-80,2-4,0-2,565
40-80,2-4,0-2,567
40-80,2-4,0-2,593
40-80,2-4,0-2,540
40-80,2-4,0-2,-59
40-80,2-4,0-2,104
40-80,2-4,0-2,476
40-80,2-4,0-2,8106
40-80,2-4,0-2,2416
40-80,2-4,0-2,29
40-80,2-4,0-2,-1746
40-80,2-4,0-2,-228
40-80,2-4,0-2,725
40-80,2-4,0-2,251
40-80,2-4,0-2,477
40-80,2-4,0-2,4895
40-80,2-4,0-2,134
40-80,2-4,0-2,1273
40-80,2-4,0-2,295
40-80,2-4,0-2,-1224
40-80,2-4,0-2,959
40-80,2-4,0-2,0
40-80,2-4,0-2,247
40-80,2-4,0-2,-226
40-80,2-4,0-2,2289
40-80,2-4,0-2,22370
40-80,2-4,0-2,2358
40-80,2-4,0-2,1200
40-80,2-4,0-2,1240
40-80,2-4,0-2,1734
40-80,2-4,0-2,575
40-80,2-4,0-2,2984
40-80,2-4,0-2,1011
40-80,2-4,0-2,575
40-80,2-4,0-2,0
40-80,2-4,0-2,9756
40-80,2-4,0-2,158
40-80,2-4,0-2,2705
40-80,2-4,0-2,2457
40-80,2-4,0-2,541
40-80,2-4,0-2,0
40-80,2-4,0-2,-852
40-80,2-4,0-2,459
40-80,2-4,0-2,985
40-80,2-4,0-2,520
40-80,2-4,0-2,414
40-80,2-4,0-2,-588
40-80,2-4,0-2,112
40-80,2-4,0-2,2886
40-80,2-4,0-2,1532
40-80,2-4,0-2,25
40-80,2-4,0-2,235
40-80,2-4,0-2,1327
40-80,2-4,0-2,3230
40-80,2-4,0-2,1058
40-80,2-4,0-2,1574
40-80,2-4,0-2,9228
40-80,2-4,0-2,848
40-80,2-4,0-2,481
40-80,2-4,0-2,7007
40-80,2-4,0-2,4446
40-80,2-4,0-2,7635
40-80,2-4,0-2,1029
40-80,2-4,0-2,242
40-80,2-4,0-2,0
40-80,2-4,0-2,-710
40-80,2-4,0-2,42045
40-80,2-4,0-2,3940
40-80,2-4,0-2,140
40-80,2-4,0-2,294
40-80,2-4,0-2,-26
40-80,2-4,0-2,0
40-80,2-4,0-2,1904
40-80,2-4,0-2,0
40-80,2-4,0-2,332
40-80,2-4,0-2,443
40-80,2-4,0-2,7
40-80,2-4,0-2,0
40-80,2-4,0-2,4610
40-80,2-4,0-2,306
40-80,2-4,0-2,210
40-80,2-4,0-2,1696
40-80,2-4,0-2,2366
40-80,2-4,0-2,128
40-80,2-4,0-2,2764
40-80,2-4,0-2,523
40-80,2-4,0-2,71
40-80,2-4,0-2,12
40-80,2-4,0-2,334
40-80,2-4,0-2,260
40-80,2-4,0-2,1808
40-80,2-4,0-2,59
40-80,2-4,0-2,0
40-80,2-4,0-2,37
40-80,2-4,0-2,806
40-80,2-4,0-2,481
40-80,2-4,0-2,4824
40-80,2-4,0-2,759
40-80,2-4,0-2,1922
40-80,2-4,0-2,0
40-80,2-4,0-2,2819
40-80,2-4,0-2,732
40-80,2-4,0-2,1916
40-80,2-4,0-2,-375
40-80,2-4,0-2,1343
40-80,2-4,0-2,5310
40-80,2-4,0-2,856
40-80,2-4,0-2,712
40-80,2-4,0-2,435
40-80,2-4,0-2,428
40-80,2-4,0-2,321
40-80,2-4,0-2,21664
40-80,2-4,0-2,576
40-80,2-4,0-2,0
40-80,2-4,0-2,16264
40-80,2-4,0-2,133
40-80,2-4,0-2,1217
40-80,2-4,0-2,362
40-80,2-4,0-2,290
40-80,2-4,0-2,0
40-80,2-4,0-2,2240
40-80,2-4,0-2,199
40-80,2-4,0-2,384
40-80,2-4,0-2,94
40-80,2-4,0-2,1471
40-80,2-4,0-2,361
40-80,2-4,0-2,66
40-80,2-4,0-2,1416
40-80,2-4,0-2,1285
40-80,2-4,0-2,348
40-80,2-4,0-2,502
40-80,2-4,0-2,0
40-80,2-4,0-2,2179
40-80,2-4,0-2,0
40-80,2-4,0-2,139
40-80,2-4,0-2,146
40-80,2-4,0-2,766
40-80,2-4,0-2,221
40-80,2-4,0-2,89
40-80,2-4,0-2,320
40-80,2-4,0-2,7780
40-80,2-4,0-2,6483
40-80,2-4,0-2,2306
40-80,2-4,0-2,331
40-80,2-4,0-2,0
40-80,2-4,0-2,3
40-80,2-4,0-2,14363
40-80,2-4,0-2,174
40-80,2-4,0-2,1206
40-80,2-4,0-2,198
40-80,2-4,0-2,225
40-80,2-4,0-2,112
40-80,2-4,0-2,0
40-80,2-4,0-2,5774
40-80,2-4,0-2,2416
40-80,2-4,0-2,78
40-80,2-4,0-2,0
40-80,2-4,0-2,4994
40-80,2-4,0-2,13893
40-80,2-4,0-2,0
40-80,2-4,0-2,356
40-80,2-4,0-2,16
40-80,2-4,0-2,929
40-80,2-4,0-2,83
40-80,2-4,0-2,771
40-80,2-4,0-2,1242
40-80,2-4,0-2,167
40-80,2-4,0-2,558
40-80,2-4,0-2,497
40-80,2-4,0-2,0
40-80,2-4,0-2,0
40-80,2-4,0-2,5108
40-80,2-4,0-2,489
40-80,2-4,0-2,6649
40-80,2-4,0-2,1585
40-80,2-4,0-2,588
40-80,2-4,0-2,3180
40-80,2-4,0-2,149
40-80,2-4,0-2,437
40-80,2-4,0-2,30
40-80,2-4,0-2,-470
40-80,2-4,0-2,0
40-80,2-4,0-2,139
40-80,2-4,0-2,0
40-80,2-4,0-2,492
40-80,2-4,0-2,334
40-80,2-4,0-2,997
40-80,2-4,0-2,440
40-80,2-4,0-2,3355
40-80,2-4,0-2,2769
40-80,2-4,0-2,0
40-80,2-4,0-2,249
40-80,2-4,0-2,-892
40-80,2-4,0-2,83
40-80,2-4,0-2,433
40-80,2-4,0-2,172
40-80,2-4,0-2,3304
40-80,2-4,0-2,1249
40-80,2-4,0-2,4402
40-80,2-4,0-2,2096
40-80,2-4,0-2,2187
40-80,2-4,0-2,2294
40-80,2-4,0-2,2537
40-80,2-4,0-2,460
40-80,2-4,0-2,0
40-80,2-4,0-2,8902
40-80,2-4,0-2,2581
40-80,2-4,0-2,3371
40-80,2-4,0-2,171
40-80,2-4,0-2,157
40-80,2-4,0-2,-55
40-80,2-4,0-2,51
40-80,2-4,0-2,52
40-80,2-4,0-2,1831
40-80,2-4,0-2,586
40-80,2-4,0-2,-13
40-80,2-4,0-2,72
40-80,2-4,0-2,17361
40-80,2-4,0-2,1956
40-80,2-4,0-2,724
40-80,2-4,0-2,1588
40-80,2-4,0-2,-34
40-80,2-4,0-2,0
40-80,2-4,0-2,27
40-80,2-4,0-2,109
40-80,2-4,0-2,176
40-80,2-4,0-2,4086
40-80,2-4,0-2,-118
40-80,2-4,0-2,1612
40-80,2-4,0-2,25
40-80,2-4,0-2,236
40-80,2-4,0-2,538
40-80,2-4,0-2,92
40-80,2-4,0-2,1881
40-80,2-4,0-2,10907
40-80,2-4,0-2,1341
40-80,2-4,0-2,6637
40-80,2-4,0-2,548
40-80,2-4,0-2,5057
40-80,2-4,0-2,220
40-80,2-4,0-2,1424
40-80,2-4,0-2,6563
40-80,2-4,0-2,563
40-80,2-4,0-2,1331
40-80,2-4,0-2,0
40-80,2-4,0-2,99
40-80,2-4,0-2,15
40-80,2-4,0-2,335
40-80,2-4,0-2,298
40-80,2-4,0-2,100
40-80,2-4,0-2,36
40-80,2-4,0-2,263
40-80,2-4,0-2,19447
40-80,2-4,0-2,364
40-80,2-4,0-2,3232
40-80,2-4,0-2,195
40-80,2-4,0-2,0
40-80,2-4,0-2,4
40-80,2-4,0-2,39
40-80,2-4,0-2,3529
40-80,2-4,0-2,2048
40-80,2-4,0-2,295
40-80,2-4,0-2,-17
40-80,2-4,0-2,4460
40-80,2-4,0-2,6880
40-80,2-4,0-2,967
40-80,2-4,0-2,1
40-80,2-4,0-2,3534
40-80,2-4,0-2,603
40-80,2-4,0-2,0
40-80,2-4,0-2,32
40-80,2-4,0-2,6945
40-80,2-4,0-2,1175
40-80,2-4,0-2,1136
40-50,5-11,0-2,-88
40-50,5-11,0-2,106
40-50,5-11,0-2,1235
40-50,5-11,0-2,1355
40-50,5-11,0-2,412
40-50,5-11,0-2,591
40-50,5-11,0-2,219
40-50,5-11,0-2,879
40-50,5-11,0-2,1567
40-50,5-11,0-2,5996
40-50,5-11,0-2,586
40-50,5-11,0-2,1152
40-50,5-11,0-2,-249
40-50,5-11,0-2,978
40-50,5-11,0-2,310
40-50,5-11,0-2,2980
40-50,5-11,0-2,782
40-50,5-11,0-2,1526
40-50,5-11,0-2,0
40-50,5-11,0-2,2030
40-50,5-11,0-2,1410
40-50,5-11,0-2,400
40-50,5-11,0-2,204
40-50,5-11,0-2,33
40-50,5-11,0-2,20
40-50,5-11,0-2,4012
40-50,5-11,0-2,0
40-50,5-11,0-2,7190
40-50,5-11,0-2,1516
40-50,5-11,0-2,0
40-50,5-11,0-2,260
40-50,5-11,0-2,3950
40-50,5-11,0-2,2303
40-50,5-11,0-2,271
40-50,5-11,0-2,302
40-50,5-11,0-2,288
40-50,5-11,0-2,-285
40-50,5-11,0-2,3098
40-50,5-11,0-2,744
40-50,5-11,0-2,1322
40-50,5-11,0-2,275
40-50,5-11,0-2,641
40-50,5-11,0-2,694
40-50,5-11,0-2,244
40-50,5-11,0-2,360
40-50,5-11,0-2,757
40-50,5-11,0-2,-839
40-50,5-11,0-2,66
40-50,5-11,0-2,2567
40-50,5-11,0-2,3455
40-50,5-11,0-2,0
40-50,5-11,0-2,2
40-50,5-11,0-2,1932
40-50,5-11,0-2,11269
40-50,5-11,0-2,2914
40-50,5-11,0-2,2497
40-50,5-11,0-2,56
40-50,5-11,0-2,1138
40-50,5-11,0-2,0
40-50,5-11,0-2,334
40-50,5-11,0-2,108
40-50,5-11,0-2,1413
40-50,5-11,0-2,342
40-50,5-11,0-2,72
40-50,5-11,0-2,231
40-50,5-11,0-2,88
40-50,5-11,0-2,548
40-50,5-11,0-2,59
40-50,5-11,0-2,1343
40-50,5-11,0-2,57
40-50,5-11,0-2,310
40-50,5-11,0-2,1281
40-50,5-11,0-2,133
40-50,5-11,0-2,1550
40-50,5-11,0-2,6000
40-50,5-11,0-2,445
40-50,5-11,0-2,1034
40-50,5-11,0-2,0
40-50,5-11,0-2,-41
40-50,5-11,0-2,764
40-50,5-11,0-2,2125
40-50,5-11,0-2,88
40-50,5-11,0-2,-75
40-50,5-11,0-2,77
40-50,5-11,0-2,13669
40-50,5-11,0-2,454
40-50,5-11,0-2,168
40-50,5-11,0-2,1772
40-50,5-11,0-2,439
40-50,5-11,0-2,1927
40-50,5-11,0-2,65
40-50,5-11,0-2,-932
40-50,5-11,0-2,113
40-50,5-11,0-2,-1680
40-50,5-11,0-2,489
40-50,5-11,0-2,0
40-50,5-11,0-2,1017
40-50,5-11,0-2,109
40-50,5-11,0-2,1066
40-50,5-11,0-2,888
40-50,5-11,0-2,0
40-50,5-11,0-2,0
40-50,5-11,0-2,134
40-50,5-11,0-2,-342
40-50,5-11,0-2,410
40-50,5-11,0-2,520
40-50,5-11,0-2,994
40-50,5-11,0-2,25824
40-50,5-11,0-2,178
40-50,5-11,0-2,787
40-50,5-11,0-2,1122
40-50,5-11,0-2,-568
40-50,5-11,0-2,7108
40-50,5-11,0-2,3025
40-50,5-11,0-2,751
40-50,5-11,0-2,599
40-50,5-11,0-2,217
40-50,5-11,0-2,3897
40-50,5-11,0-2,-411
40-50,5-11,0-2,167
40-50,5-11,0-2,-337
40-50,5-11,0-2,2893
40-50,5-11,0-2,1270
40-50,5-11,0-2,654
40-50,5-11,0-2,5173
40-50,5-11,0-2,2576
40-50,5-11,0-2,0
40-50,5-11,0-2,4667
40-50,5-11,0-2,1091
40-50,5-11,0-2,5673
40-50,5-11,0-2,0
40-50,5-11,0-2,-583
40-50,5-11,0-2,17
40-50,5-11,0-2,97
40-50,5-11,0-2,226
40-50,5-11,0-2,127
40-50,5-11,0-2,1233
40-50,5-11,0-2,1146
40-50,5-11,0-2,0
40-50,5-11,0-2,2597
40-50,5-11,0-2,169
40-50,5-11,0-2,706
40-50,5-11,0-2,254
40-50,5-11,0-2,265
40-50,5-11,0-2,358
40-50,5-11,0-2,292
40-50,5-11,0-2,301
40-50,5-11,0-2,1103
40-50,5-11,0-2,1893
40-50,5-11,0-2,93
40-50,5-11,0-2,116
40-50,5-11,0-2,27733
40-50,5-11,0-2,782
40-50,5-11,0-2,351
40-50,5-11,0-2,3945
40-50,5-11,0-2,57
40-50,5-11,0-2,1415
40-50,5-11,0-2,769
40-50,5-11,0-2,3992
40-50,5-11,0-2,634
40-50,5-11,0-2,28
40-50,5-11,0-2,728
40-50,5-11,0-2,0
40-50,5-11,0-2,181
40-50,5-11,0-2,1572
40-50,5-11,0-2,1499
40-50,5-11,0-2,55
40-50,5-11,0-2,759
40-50,5-11,0-2,1784
40-50,5-11,0-2,302
40-50,5-11,0-2,809
40-50,5-11,0-2,323
40-50,5-11,0-2,507
40-50,5-11,0-2,960
40-50,5-11,0-2,825
40-50,5-11,0-2,871
40-50,5-11,0-2,1415
40-50,5-11,0-2,-84
40-50,5-11,0-2,113
40-50,5-11,0-2,1477
40-50,5-11,0-2,13
40-50,5-11,0-2,4075
40-50,5-11,0-2,3250
40-50,5-11,0-2,340
40-50,5-11,0-2,1819
40-50,5-11,0-2,-81
40-50,5-11,0-2,316
40-50,5-11,0-2,1680
40-50,5-11,0-2,669
40-50,5-11,0-2,618
40-50,5-11,0-2,65
40-50,5-11,0-2,4157
40-50,5-11,0-2,499
40-50,5-11,0-2,-27
40-50,5-11,0-2,434
40-50,5-11,0-2,-329
40-50,5-11,0-2,705
40-50,5-11,0-2,80
40-50,5-11,0-2,315
40-50,5-11,0-2,257
40-50,5-11,0-2,3188
40-50,5-11,0-2,1260
40-50,5-11,0-2,-37
40-50,5-11,0-2,-1310
40-50,5-11,0-2,7138
40-50,5-11,0-2,7876
40-50,5-11,0-2,0
40-50,5-11,0-2,216
40-50,5-11,0-2,473
40-50,5-11,0-2,1937
40-50,5-11,0-2,568
40-50,5-11,0-2,1167
40-50,5-11,0-2,1427
40-50,5-11,0-2,286
40-50,5-11,0-2,72
40-50,5-11,0-2,4265
40-50,5-11,0-2,817
40-50,5-11,0-2,348
40-50,5-11,0-2,826
40-50,5-11,0-2,1836
40-50,5-11,0-2,1438
40-50,5-11,0-2,47
40-50,5-11,0-2,-280
40-50,5-11,0-2,2776
40-50,5-11,0-2,3973
40-50,5-11,0-2,372
40-50,5-11,0-2,451
40-50,5-11,0-2,1130
40-50,5-11,0-2,115
40-50,5-11,0-2,780
40-50,5-11,0-2,-471
40-50,5-11,0-2,691
40-50,5-11,0-2,-1148
40-50,5-11,0-2,5780
40-50,5-11,0-2,1412
40-50,5-11,0-2,2087
40-50,5-11,0-2,197
40-50,5-11,0-2,2
40-50,5-11,0-2,3403
40-50,5-11,0-2,3333
40-50,5-11,0-2,2319
40-50,5-11,0-2,104
40-50,5-11,0-2,1048
40-50,5-11,0-2,0
40-50,5-11,0-2,33
40-50,5-11,0-2,0
40-50,5-11,0-2,1289
40-50,5-11,0-2,0
40-50,5-11,0-2,118
40-50,5-11,0-2,32
40-50,5-11,0-2,4232
40-50,5-11,0-2,5564
40-50,5-11,0-2,2571
40-50,5-11,0-2,558
40-50,5-11,0-2,2613
40-50,5-11,0-2,-7
40-50,5-11,0-2,0
40-50,5-11,0-2,3533
40-50,5-11,0-2,1266
40-50,5-11,0-2,14
40-50,5-11,0-2,14
40-50,5-11,0-2,508
40-50,5-11,0-2,377
40-50,5-11,0-2,-375
40-50,5-11,0-2,17
40-50,5-11,0-2,-701
40-50,5-11,0-2,0
40-50,5-11,0-2,5543
40-50,5-11,0-2,171
40-50,5-11,0-2,823
40-50,5-11,0-2,4906
40-50,5-11,0-2,313
40-50,5-11,0-2,4945
40-50,5-11,0-2,1673
40-50,5-11,0-2,405
40-50,5-11,0-2,809
40-50,5-11,0-2,0
40-50,5-11,0-2,677
40-50,5-11,0-2,340
40-50,5-11,0-2,477
40-50,5-11,0-2,-20
40-50,5-11,0-2,5095
40-50,5-11,0-2,-322
40-50,5-11,0-2,2098
40-50,5-11,0-2,1219
40-50,5-11,0-2,0
40-50,5-11,0-2,1114
40-50,5-11,0-2,1121
40-50,5-11,0-2,64
40-50,5-11,0-2,902
40-50,5-11,0-2,2715
40-50,5-11,0-2,1990
40-50,5-11,0-2,192
40-50,5-11,0-2,-90
40-50,5-11,0-2,320
40-50,5-11,0-2,167
40-50,5-11,0-2,900
40-50,5-11,0-2,771
40-50,5-11,0-2,280
40-50,5-11,0-2,308
40-50,5-11,0-2,12223
40-50,5-11,0-2,1148
40-50,5-11,0-2,0
40-50,5-11,0-2,1707
40-50,5-11,0-2,1646
40-50,5-11,0-2,-35
40-50,5-11,0-2,88
40-50,5-11,0-2,717
40-50,5-11,0-2,1603
40-50,5-11,0-2,12531
40-50,5-11,0-2,33
40-50,5-11,0-2,2408
40-50,5-11,0-2,-551
40-50,5-11,0-2,593
40-50,5-11,0-2,26394
40-50,5-11,0-2,523
40-50,5-11,0-2,-74
40-50,5-11,0-2,-54
40-50,5-11,0-2,2201
40-50,5-11,0-2,2
40-50,5-11,0-2,64
40-50,5-11,0-2,819
40-50,5-11,0-2,841
40-50,5-11,0-2,187
40-50,5-11,0-2,405
40-50,5-11,0-2,966
40-50,5-11,0-2,8515
40-50,5-11,0-2,976
40-50,5-11,0-2,137
40-50,5-11,0-2,60
40-50,5-11,0-2,177
40-50,5-11,0-2,990
40-50,5-11,0-2,34
40-50,5-11,0-2,5
40-50,5-11,0-2,5045
40-50,5-11,0-2,1672
40-50,5-11,0-2,9207
40-50,5-11,0-2,1309
40-50,5-11,0-2,23
40-50,5-11,0-2,8131
40-50,5-11,0-2,-378
40-50,5-11,0-2,1876
40-50,5-11,0-2,-471
40-50,5-11,0-2,66
40-50,5-11,0-2,279
40-50,5-11,0-2,4
40-50,5-11,0-2,2077
40-50,5-11,0-2,178
40-50,5-11,0-2,5462
40-50,5-11,0-2,2974
40-50,5-11,0-2,427
40-50,5-11,0-2,440
40-50,5-11,0-2,0
40-50,5-11,0-2,642
40-50,5-11,0-2,0
40-50,5-11,0-2,136
40-50,5-11,0-2,0
40-50,5-11,0-2,-149
40-50,5-11,0-2,2731
40-50,5-11,0-2,3620
40-50,5-11,0-2,50
40-50,5-11,0-2,3726
40-50,5-11,0-2,4543
40-50,5-11,0-2,1666
40-50,5-11,0-2,51
40-50,5-11,0-2,0
40-50,5-11,0-2,2718
40-50,5-11,0-2,145
40-50,5-11,0-2,202
40-50,5-11,0-2,759
40-50,5-11,0-2,2322
40-50,5-11,0-2,4094
40-50,5-11,0-2,-97
40-50,5-11,0-2,4384
40-50,5-11,0-2,-384
40-50,5-11,0-2,473
40-50,5-11,0-2,3285
40-50,5-11,0-2,58
40-50,5-11,0-2,532
40-50,5-11,0-2,0
40-50,5-11,0-2,96
40-50,5-11,0-2,390
40-50,5-11,0-2,2
40-50,5-11,0-2,3274
40-50,5-11,0-2,7020
40-50,5-11,0-2,-824
40-50,5-11,0-2,2706
40-50,5-11,0-2,-938
40-50,5-11,0-2,341
40-50,5-11,0-2,1843
40-50,5-11,0-2,-9
40-50,5-11,0-2,51
40-50,5-11,0-2,961
40-50,5-11,0-2,-147
40-50,5-11,0-2,1679
40-50,5-11,0-2,49
40-50,5-11,0-2,613
40-50,5-11,0-2,1989
40-50,5-11,0-2,17
40-50,5-11,0-2,1757
40-50,5-11,0-2,246
40-50,5-11,0-2,2734
40-50,5-11,0-2,52
40-50,5-11,0-2,10655
40-50,5-11,0-2,92
40-50,5-11,0-2,2061
40-50,5-11,0-2,1871
40-50,5-11,0-2,1378
40-50,5-11,0-2,0
40-50,5-11,0-2,275
40-50,5-11,0-2,27
40-50,5-11,0-2,1602
40-50,5-11,0-2,0
40-50,5-11,0-2,3529
40-50,5-11,0-2,265
40-50,5-11,0-2,2246
40-50,5-11,0-2,4441
40-50,5-11,0-2,9374
40-50,5-11,0-2,2420
40-50,5-11,0-2,1533
40-50,5-11,0-2,-179
40-50,5-11,0-2,257
40-50,5-11,0-2,180
40-50,5-11,0-2,297
40-50,5-11,0-2,410
40-50,5-11,0-2,1325
40-50,5-11,0-2,1959
40-50,5-11,0-2,0
40-50,5-11,0-2,248
40-50,5-11,0-2,13
40-50,5-11,0-2,753
40-50,5-11,0-2,1259
40-50,5-11,0-2,440
40-50,5-11,0-2,344
40-50,5-11,0-2,36
40-50,5-11,0-2,3186
40-50,5-11,0-2,0
40-50,5-11,0-2,260
40-50,5-11,0-2,2106
40-50,5-11,0-2,148
40-50,5-11,0-2,199
40-50,5-11,0-2,435
40-50,5-11,0-2,5
40-50,5-11,0-2,3337
40-50,5-11,0-2,0
40-50,5-11,0-2,35
40-50,5-11,0-2,-246
40-50,5-11,0-2,834
40-50,5-11,0-2,306
40-50,5-11,0-2,5597
40-50,5-11,0-2,1547
40-50,5-11,0-2,10888
40-50,5-11,0-2,697
40-50,5-11,0-2,3854
40-50,5-11,0-2,0
40-50,5-11,0-2,3357
40-50,5-11,0-2,0
40-50,5-11,0-2,230
40-50,5-11,0-2,999
40-50,5-11,0-2,0
40-50,5-11,0-2,44
40-50,5-11,0-2,304
40-50,5-11,0-2,-396
40-50,5-11,0-2,164
40-50,5-11,0-2,1577
40-50,5-11,0-2,642
40-50,5-11,0-2,-91
40-50,5-11,0-2,-166
51-87,5-11,0-2,4073
51-87,5-11,0-2,696
51-87,5-11,0-2,784
51-87,5-11,0-2,4189
51-87,5-11,0-2,229
51-87,5-11,0-2,784
51-87,5-11,0-2,415
51-87,5-11,0-2,344
51-87,5-11,0-2,5
51-87,5-11,0-2,657
51-87,5-11,0-2,3777
51-87,5-11,0-2,3391
51-87,5-11,0-2,4659
51-87,5-11,0-2,1877
51-87,5-11,0-2,1906
51-87,5-11,0-2,273
51-87,5-11,0-2,-1206
51-87,5-11,0-2,39
51-87,5-11,0-2,3771
51-87,5-11,0-2,1333
51-87,5-11,0-2,11494
51-87,5-11,0-2,-22
51-87,5-11,0-2,142
51-87,5-11,0-2,206
51-87,5-11,0-2,1634
51-87,5-11,0-2,3401
51-87,5-11,0-2,883
51-87,5-11,0-2,1007
51-87,5-11,0-2,593
51-87,5-11,0-2,4994
51-87,5-11,0-2,0
51-87,5-11,0-2,4531
51-87,5-11,0-2,1840
51-87,5-11,0-2,205
51-87,5-11,0-2,179
51-87,5-11,0-2,1760
51-87,5-11,0-2,1084
51-87,5-11,0-2,10924
51-87,5-11,0-2,478
51-87,5-11,0-2,11262
51-87,5-11,0-2,55
51-87,5-11,0-2,-379
51-87,5-11,0-2,7290
51-87,5-11,0-2,9676
51-87,5-11,0-2,2923
51-87,5-11,0-2,3810
51-87,5-11,0-2,816
51-87,5-11,0-2,2262
51-87,5-11,0-2,383
51-87,5-11,0-2,-196
51-87,5-11,0-2,7802
51-87,5-11,0-2,-404
51-87,5-11,0-2,217
51-87,5-11,0-2,195
51-87,5-11,0-2,5207
51-87,5-11,0-2,0
51-87,5-11,0-2,5799
51-87,5-11,0-2,2747
51-87,5-11,0-2,0
51-87,5-11,0-2,1
51-87,5-11,0-2,937
51-87,5-11,0-2,192
51-87,5-11,0-2,-49
51-87,5-11,0-2,264
51-87,5-11,0-2,1594
51-87,5-11,0-2,374
51-87,5-11,0-2,0
51-87,5-11,0-2,1382
51-87,5-11,0-2,0
51-87,5-11,0-2,272
51-87,5-11,0-2,225
51-87,5-11,0-2,0
51-87,5-11,0-2,2538
51-87,5-11,0-2,43
51-87,5-11,0-2,0
51-87,5-11,0-2,138
51-87,5-11,0-2,4063
51-87,5-11,0-2,3339
51-87,5-11,0-2,35
51-87,5-11,0-2,1033
51-87,5-11,0-2,8894
51-87,5-11,0-2,3071
51-87,5-11,0-2,204
51-87,5-11,0-2,3334
51-87,5-11,0-2,65
51-87,5-11,0-2,1781
51-87,5-11,0-2,159
51-87,5-11,0-2,1012
51-87,5-11,0-2,629
51-87,5-11,0-2,163
51-87,5-11,0-2,0
51-87,5-11,0-2,3671
51-87,5-11,0-2,150
51-87,5-11,0-2,839
51-87,5-11,0-2,65
51-87,5-11,0-2,409
51-87,5-11,0-2,1427
51-87,5-11,0-2,6102
51-87,5-11,0-2,5920
51-87,5-11,0-2,196
51-87,5-11,0-2,1013
51-87,5-11,0-2,2013
51-87,5-11,0-2,353
51-87,5-11,0-2,466
51-87,5-11,0-2,665
51-87,5-11,0-2,1044
51-87,5-11,0-2,2647
51-87,5-11,0-2,808
51-87,5-11,0-2,-905
51-87,5-11,0-2,2206
51-87,5-11,0-2,14
51-87,5-11,0-2,1
51-87,5-11,0-2,4820
51-87,5-11,0-2,610
51-87,5-11,0-2,0
51-87,5-11,0-2,0
51-87,5-11,0-2,1173
51-87,5-11,0-2,186
51-87,5-11,0-2,383
51-87,5-11,0-2,0
51-87,5-11,0-2,185
51-87,5-11,0-2,320
51-87,5-11,0-2,1407
51-87,5-11,0-2,1640
51-87,5-11,0-2,2508
51-87,5-11,0-2,1341
51-87,5-11,0-2,579
51-87,5-11,0-2,218
51-87,5-11,0-2,541
51-87,5-11,0-2,895
51-87,5-11,0-2,386
51-87,5-11,0-2,61
51-87,5-11,0-2,5845
51-87,5-11,0-2,867
51-87,5-11,0-2,8304
51-87,5-11,0-2,5801
51-87,5-11,0-2,-888
51-87,5-11,0-2,425
51-87,5-11,0-2,2923
51-87,5-11,0-2,2627
51-87,5-11,0-2,300
51-87,5-11,0-2,751
51-87,5-11,0-2,204
51-87,5-11,0-2,518
51-87,5-11,0-2,4424
51-87,5-11,0-2,852
51-87,5-11,0-2,4738
51-87,5-11,0-2,351
51-87,5-11,0-2,1574
51-87,5-11,0-2,0
51-87,5-11,0-2,2927
51-87,5-11,0-2,1388
51-87,5-11,0-2,13
51-87,5-11,0-2,955
51-87,5-11,0-2,0
51-87,5-11,0-2,259
51-87,5-11,0-2,197
51-87,5-11,0-2,-113
51-87,5-11,0-2,13
51-87,5-11,0-2,63
51-87,5-11,0-2,386
51-87,5-11,0-2,2815
51-87,5-11,0-2,385
51-87,5-11,0-2,-2
51-87,5-11,0-2,671
51-87,5-11,0-2,71
51-87,5-11,0-2,203
51-87,5-11,0-2,116
51-87,5-11,0-2,0
51-87,5-11,0-2,4968
51-87,5-11,0-2,744
51-87,5-11,0-2,108
51-87,5-11,0-2,300
51-87,5-11,0-2,1798
51-87,5-11,0-2,343
51-87,5-11,0-2,0
51-87,5-11,0-2,1550
51-87,5-11,0-2,262
51-87,5-11,0-2,-47
51-87,5-11,0-2,235
51-87,5-11,0-2,150
51-87,5-11,0-2,34
51-87,5-11,0-2,83
51-87,5-11,0-2,8
51-87,5-11,0-2,15834
51-87,5-11,0-2,175
51-87,5-11,0-2,381
51-87,5-11,0-2,7179
51-87,5-11,0-2,95
51-87,5-11,0-2,1503
51-87,5-11,0-2,619
51-87,5-11,0-2,197
51-87,5-11,0-2,1139
51-87,5-11,0-2,980
51-87,5-11,0-2,4785
51-87,5-11,0-2,4657
51-87,5-11,0-2,226
51-87,5-11,0-2,680
51-87,5-11,0-2,833
51-87,5-11,0-2,1378
51-87,5-11,0-2,-13
51-87,5-11,0-2,4079
51-87,5-11,0-2,0
51-87,5-11,0-2,154
51-87,5-11,0-2,255
51-87,5-11,0-2,4198
51-87,5-11,0-2,0
51-87,5-11,0-2,1469
51-87,5-11,0-2,18
51-87,5-11,0-2,8304
51-87,5-11,0-2,230
51-87,5-11,0-2,473
51-87,5-11,0-2,-22
51-87,5-11,0-2,0
51-87,5-11,0-2,100
51-87,5-11,0-2,32
51-87,5-11,0-2,0
51-87,5-11,0-2,3554
51-87,5-11,0-2,214
51-87,5-11,0-2,425
51-87,5-11,0-2,523
51-87,5-11,0-2,260
51-87,5-11,0-2,1490
51-87,5-11,0-2,1210
51-87,5-11,0-2,-3
51-87,5-11,0-2,431
51-87,5-11,0-2,0
51-87,5-11,0-2,2007
51-87,5-11,0-2,3782
51-87,5-11,0-2,502
51-87,5-11,0-2,319
51-87,5-11,0-2,983
51-87,5-11,0-2,14
51-87,5-11,0-2,1623
51-87,5-11,0-2,6570
51-87,5-11,0-2,1317
51-87,5-11,0-2,6072
51-87,5-11,0-2,89
51-87,5-11,0-2,118
51-87,5-11,0-2,1818
51-87,5-11,0-2,796
51-87,5-11,0-2,117
51-87,5-11,0-2,3163
51-87,5-11,0-2,1623
51-87,5-11,0-2,732
51-87,5-11,0-2,-966
51-87,5-11,0-2,4007
51-87,5-11,0-2,9976
51-87,5-11,0-2,-200
51-87,5-11,0-2,2301
51-87,5-11,0-2,696
51-87,5-11,0-2,796
51-87,5-11,0-2,2917
51-87,5-11,0-2,4541
51-87,5-11,0-2,0
51-87,5-11,0-2,2557
51-87,5-11,0-2,0
51-87,5-11,0-2,11
51-87,5-11,0-2,812
51-87,5-11,0-2,1770
51-87,5-11,0-2,0
51-87,5-11,0-2,19
51-87,5-11,0-2,212
51-87,5-11,0-2,158
51-87,5-11,0-2,1238
51-87,5-11,0-2,0
51-87,5-11,0-2,935
51-87,5-11,0-2,890
51-87,5-11,0-2,98
51-87,5-11,0-2,9
51-87,5-11,0-2,1114
51-87,5-11,0-2,2072
51-87,5-11,0-2,1157
51-87,5-11,0-2,0
51-87,5-11,0-2,0
51-87,5-11,0-2,10
51-87,5-11,0-2,6095
51-87,5-11,0-2,133
51-87,5-11,0-2,88
51-87,5-11,0-2,610
51-87,5-11,0-2,7864
51-87,5-11,0-2,75
51-87,5-11,0-2,557
51-87,5-11,0-2,462
51-87,5-11,0-2,46
51-87,5-11,0-2,12
51-87,5-11,0-2,109
51-87,5-11,0-2,1548
51-87,5-11,0-2,96
51-87,5-11,0-2,413
51-87,5-11,0-2,694
51-87,5-11,0-2,705
51-87,5-11,0-2,1191
51-87,5-11,0-2,0
51-87,5-11,0-2,14220
51-87,5-11,0-2,359
51-87,5-11,0-2,1580
51-87,5-11,0-2,1278
51-87,5-11,0-2,2094
51-87,5-11,0-2,35
51-87,5-11,0-2,4809
51-87,5-11,0-2,279
51-87,5-11,0-2,11
51-87,5-11,0-2,8044
51-87,5-11,0-2,3177
51-87,5-11,0-2,168
51-87,5-11,0-2,-31
51-87,5-11,0-2,701
51-87,5-11,0-2,879
51-87,5-11,0-2,280
51-87,5-11,0-2,27
51-87,5-11,0-2,3948
51-87,5-11,0-2,1810
51-87,5-11,0-2,747
51-87,5-11,0-2,313
51-87,5-11,0-2,0
51-87,5-11,0-2,451
51-87,5-11,0-2,1060
51-87,5-11,0-2,-9
51-87,5-11,0-2,9146
51-87,5-11,0-2,-703
51-87,5-11,0-2,6164
51-87,5-11,0-2,4015
51-87,5-11,0-2,474
51-87,5-11,0-2,86
51-87,5-11,0-2,764
51-87,5-11,0-2,8556
51-87,5-11,0-2,680
51-87,5-11,0-2,763
51-87,5-11,0-2,1026
51-87,5-11,0-2,876
51-87,5-11,0-2,1467
51-87,5-11,0-2,2921
51-87,5-11,0-2,431
51-87,5-11,0-2,4256
51-87,5-11,0-2,238
51-87,5-11,0-2,846
51-87,5-11,0-2,230
51-87,5-11,0-2,745
51-87,5-11,0-2,500
51-87,5-11,0-2,429
51-87,5-11,0-2,6839
51-87,5-11,0-2,247
51-87,5-11,0-2,4664
51-87,5-11,0-2,1291
51-87,5-11,0-2,1308
51-87,5-11,0-2,1983
51-87,5-11,0-2,-308
51-87,5-11,0-2,319
51-87,5-11,0-2,2850
51-87,5-11,0-2,574
51-87,5-11,0-2,5706
51-87,5-11,0-2,1987
51-87,5-11,0-2,2590
51-87,5-11,0-2,462
51-87,5-11,0-2,0
51-87,5-11,0-2,89
51-87,5-11,0-2,565
51-87,5-11,0-2,-110
51-87,5-11,0-2,2749
51-87,5-11,0-2,35
51-87,5-11,0-2,19317
51-87,5-11,0-2,1180
51-87,5-11,0-2,6610
51-87,5-11,0-2,1315
51-87,5-11,0-2,0
51-87,5-11,0-2,307
51-87,5-11,0-2,719
51-87,5-11,0-2,1164
51-87,5-11,0-2,261
51-87,5-11,0-2,598
51-87,5-11,0-2,-229
51-87,5-11,0-2,4194
51-87,5-11,0-2,153
51-87,5-11,0-2,78
51-87,5-11,0-2,0
51-87,5-11,0-2,64
51-87,5-11,0-2,71188
51-87,5-11,0-2,-331
51-87,5-11,0-2,0
51-87,5-11,0-2,424
51-87,5-11,0-2,4130
51-87,5-11,0-2,2628
51-87,5-11,0-2,65
51-87,5-11,0-2,7495
51-87,5-11,0-2,3450
51-87,5-11,0-2,76
51-87,5-11,0-2,921
51-87,5-11,0-2,22196
51-87,5-11,0-2,206
51-87,5-11,0-2,603
51-87,5-11,0-2,765
51-87,5-11,0-2,27069
51-87,5-11,0-2,2323
51-87,5-11,0-2,-315
51-87,5-11,0-2,49
51-87,5-11,0-2,367
51-87,5-11,0-2,-464
51-87,5-11,0-2,-1
51-87,5-11,0-2,1679
51-87,5-11,0-2,22
51-87,5-11,0-2,7337
51-87,5-11,0-2,5092
51-87,5-11,0-2,208
51-87,5-11,0-2,1948
51-87,5-11,0-2,-123
51-87,5-11,0-2,3800
51-87,5-11,0-2,14412
51-87,5-11,0-2,353
51-87,5-11,0-2,26452
51-87,5-11,0-2,279
51-87,5-11,0-2,20
51-87,5-11,0-2,616
51-87,5-11,0-2,206
51-87,5-11,0-2,2144
51-87,5-11,0-2,639
51-87,5-11,0-2,1621
51-87,5-11,0-2,316
51-87,5-11,0-2,917
51-87,5-11,0-2,802
51-87,5-11,0-2,3940
51-87,5-11,0-2,4382
51-87,5-11,0-2,800
51-87,5-11,0-2,159
51-87,5-11,0-2,94
51-87,5-11,0-2,1044
51-87,5-11,0-2,401
51-87,5-11,0-2,2934
51-87,5-11,0-2,0
51-87,5-11,0-2,589
51-87,5-11,0-2,426
51-87,5-11,0-2,4717
51-87,5-11,0-2,6
51-87,5-11,0-2,3382
51-87,5-11,0-2,2308
51-87,5-11,0-2,162
51-87,5-11,0-2,2225
51-87,5-11,0-2,641
51-87,5-11,0-2,0
51-87,5-11,0-2,143
51-87,5-11,0-2,6850
51-87,5-11,0-2,0
51-87,5-11,0-2,653
51-87,5-11,0-2,519
51-87,5-11,0-2,225
51-87,5-11,0-2,2131
51-87,5-11,0-2,1490
51-87,5-11,0-2,0
51-87,5-11,0-2,1012
51-87,5-11,0-2,16063
51-87,5-11,0-2,1097
51-87,5-11,0-2,31
51-87,5-11,0-2,463
51-87,5-11,0-2,107
51-87,5-11,0-2,493
51-87,5-11,0-2,2678
51-87,5-11,0-2,4554
51-87,5-11,0-2,362
51-87,5-11,0-2,2506
51-87,5-11,0-2,-3313
51-87,5-11,0-2,295
